-- phpMyAdmin SQL Dump
-- version 5.1.1
-- https://www.phpmyadmin.net/
--
-- Host: 127.0.0.1
-- Waktu pembuatan: 05 Feb 2025 pada 16.02
-- Versi server: 10.4.22-MariaDB
-- Versi PHP: 7.3.33

SET SQL_MODE = "NO_AUTO_VALUE_ON_ZERO";
START TRANSACTION;
SET time_zone = "+00:00";


/*!40101 SET @OLD_CHARACTER_SET_CLIENT=@@CHARACTER_SET_CLIENT */;
/*!40101 SET @OLD_CHARACTER_SET_RESULTS=@@CHARACTER_SET_RESULTS */;
/*!40101 SET @OLD_COLLATION_CONNECTION=@@COLLATION_CONNECTION */;
/*!40101 SET NAMES utf8mb4 */;

--
-- Database: `ratmiku`
--

-- --------------------------------------------------------

--
-- Struktur dari tabel `ci_sessions`
--

CREATE TABLE `ci_sessions` (
  `id` varchar(128) NOT NULL,
  `ip_address` varchar(45) NOT NULL,
  `timestamp` int(10) UNSIGNED NOT NULL DEFAULT 0,
  `data` blob NOT NULL
) ENGINE=InnoDB DEFAULT CHARSET=utf8mb4;

--
-- Dumping data untuk tabel `ci_sessions`
--

INSERT INTO `ci_sessions` (`id`, `ip_address`, `timestamp`, `data`) VALUES
('ne8mmj10ar3gb16lnpulqt5p09dl6gvl', '::1', 1738744537, 0x5f5f63695f6c6173745f726567656e65726174657c693a313733383734343533373b636172745f636f6e74656e74737c613a333a7b733a31303a22636172745f746f74616c223b643a36303030303b733a31313a22746f74616c5f6974656d73223b643a313b733a33323a223166306533646164393939303833343566373433396638666661626466666334223b613a363a7b733a323a226964223b733a323a223139223b733a333a22717479223b643a313b733a353a227072696365223b643a36303030303b733a343a226e616d65223b733a31383a224a65616e73204b6f7265616e207374796c65223b733a353a22726f776964223b733a33323a223166306533646164393939303833343566373433396638666661626466666334223b733a383a22737562746f74616c223b643a36303030303b7d7d),
('9sqsq32o9aeige3ta6mnc06c6doc7495', '::1', 1738744946, 0x5f5f63695f6c6173745f726567656e65726174657c693a313733383734343934363b636172745f636f6e74656e74737c613a333a7b733a31303a22636172745f746f74616c223b643a3138303030303b733a31313a22746f74616c5f6974656d73223b643a333b733a33323a223166306533646164393939303833343566373433396638666661626466666334223b613a363a7b733a323a226964223b733a323a223139223b733a333a22717479223b643a333b733a353a227072696365223b643a36303030303b733a343a226e616d65223b733a31383a224a65616e73204b6f7265616e207374796c65223b733a353a22726f776964223b733a33323a223166306533646164393939303833343566373433396638666661626466666334223b733a383a22737562746f74616c223b643a3138303030303b7d7d),
('im363jnej3354b2v4ksm9rmu4r5clpq8', '::1', 1738745118, 0x5f5f63695f6c6173745f726567656e65726174657c693a313733383734343934363b636172745f636f6e74656e74737c613a333a7b733a31303a22636172745f746f74616c223b643a3138303030303b733a31313a22746f74616c5f6974656d73223b643a333b733a33323a223166306533646164393939303833343566373433396638666661626466666334223b613a363a7b733a323a226964223b733a323a223139223b733a333a22717479223b643a333b733a353a227072696365223b643a36303030303b733a343a226e616d65223b733a31383a224a65616e73204b6f7265616e207374796c65223b733a353a22726f776964223b733a33323a223166306533646164393939303833343566373433396638666661626466666334223b733a383a22737562746f74616c223b643a3138303030303b7d7d5f5f4143544956455f53455353494f4e5f444154417c733a3235363a226631316561623232626333303839626435333835313233386634303163306664316339613366623334323538373135613762626337303031373239333837623332626634316165346135663832313230316435383138393838646534643237366235343630336531393430613836303035326137356531343535393532326131676e6c494930443032755974474d7a5831353244376e4e45516c31314a5a74683357382b616669526a7765344d493845304b6c6a7477514470394c324c50324a6d567539525033325a345768596339317659324b53697632334c5335764c366938442f4b376d7a343664614931662f6c61356a46673130364151674f5945327a223b6f726465725f7175616e746974797c613a313a7b693a31393b613a323a7b733a333a22717479223b643a333b733a353a227072696365223b643a36303030303b7d7d746f74616c5f70726963657c643a3138303030303b7265646972656374696f6e7c733a36343a226148523063446f764c327876593246736147397a6443397959585274615774314c326c755a4756344c6e426f6343397a614739774c324e6f5a574e7262335630223b),
('30mrikgktkeeq1mdfb8b6as3bo1jd8bu', '::1', 1738745817, 0x5f5f63695f6c6173745f726567656e65726174657c693a313733383734353831373b7265646972656374696f6e7c4e3b5f5f4143544956455f53455353494f4e5f444154417c733a3235363a22626531326264393830386462333336643935313832376232323364326334313366333166616230356434333535373365656163323835626633613563393465336261343662333130633930333034346635346664306361303535343736326134656262366464373466636164626365333835616535386231303033333936653331332b735065354e754e673958695172416a3134593056503066514f72574230366354624c45412f373068737034306d5a4b346f7a4f55514258516a4642526f7975373872524c3042704461315334464d5a2b744c5573586d393452616647456b6c4773434b7a72376f596443794e643374773753644f7666366e2b556b5242223b),
('la21r8lrte67ptqinc3hu5a6p13khlh2', '::1', 1738746340, 0x5f5f63695f6c6173745f726567656e65726174657c693a313733383734363334303b7265646972656374696f6e7c4e3b5f5f4143544956455f53455353494f4e5f444154417c733a3235363a22626531326264393830386462333336643935313832376232323364326334313366333166616230356434333535373365656163323835626633613563393465336261343662333130633930333034346635346664306361303535343736326134656262366464373466636164626365333835616535386231303033333936653331332b735065354e754e673958695172416a3134593056503066514f72574230366354624c45412f373068737034306d5a4b346f7a4f55514258516a4642526f7975373872524c3042704461315334464d5a2b744c5573586d393452616647456b6c4773434b7a72376f596443794e643374773753644f7666366e2b556b5242223b),
('l38aa0m63u4r6k2q18e4ih36kbnrrb26', '::1', 1738751827, 0x5f5f63695f6c6173745f726567656e65726174657c693a313733383735313832373b7265646972656374696f6e7c4e3b5f5f4143544956455f53455353494f4e5f444154417c733a3235363a22626531326264393830386462333336643935313832376232323364326334313366333166616230356434333535373365656163323835626633613563393465336261343662333130633930333034346635346664306361303535343736326134656262366464373466636164626365333835616535386231303033333936653331332b735065354e754e673958695172416a3134593056503066514f72574230366354624c45412f373068737034306d5a4b346f7a4f55514258516a4642526f7975373872524c3042704461315334464d5a2b744c5573586d393452616647456b6c4773434b7a72376f596443794e643374773753644f7666366e2b556b5242223b),
('l2orm4la6acgfgg995mintaihaf065gk', '::1', 1738750977, 0x5f5f63695f6c6173745f726567656e65726174657c693a313733383735303937373b7265646972656374696f6e7c4e3b5f5f4143544956455f53455353494f4e5f444154417c733a3235363a226366346334376331366234613763636638313766323563373761353233643435396130326239613434633437333137363763653639383539383565656236323738643832366639656562396632613539346666333733636537393664386265616461643061386430356636323135643864316236366665393266346139393830626c5a706b31313049494478624a2b4a55384c585a63334b6466374c33414266763369434e316354523149713746754570447a2b684c62474f4c5972645062394a3052436c6446644861506d6a50376c39633553576f483436377a71517a65596d6e657a554a32504c6b694c4a374f7746646a497662523446546a5441324c48223b),
('q48bvafjedrsfhv0tgv8ji4r9eo0eo1s', '::1', 1738751346, 0x5f5f63695f6c6173745f726567656e65726174657c693a313733383735313334363b7265646972656374696f6e7c4e3b5f5f4143544956455f53455353494f4e5f444154417c733a3235363a226366346334376331366234613763636638313766323563373761353233643435396130326239613434633437333137363763653639383539383565656236323738643832366639656562396632613539346666333733636537393664386265616461643061386430356636323135643864316236366665393266346139393830626c5a706b31313049494478624a2b4a55384c585a63334b6466374c33414266763369434e316354523149713746754570447a2b684c62474f4c5972645062394a3052436c6446644861506d6a50376c39633553576f483436377a71517a65596d6e657a554a32504c6b694c4a374f7746646a497662523446546a5441324c48223b636172745f636f6e74656e74737c613a333a7b733a31303a22636172745f746f74616c223b643a34323530303b733a31313a22746f74616c5f6974656d73223b643a313b733a33323a223363353964633034386538383530323433626538303739613563373464303739223b613a363a7b733a323a226964223b733a323a223231223b733a333a22717479223b643a313b733a353a227072696365223b643a34323530303b733a343a226e616d65223b733a393a22526f6b204a65616e73223b733a353a22726f776964223b733a33323a223363353964633034386538383530323433626538303739613563373464303739223b733a383a22737562746f74616c223b643a34323530303b7d7d),
('e0me883808ugmvstisbv8uou0mqct5qo', '::1', 1738751788, 0x5f5f63695f6c6173745f726567656e65726174657c693a313733383735313738383b7265646972656374696f6e7c4e3b5f5f4143544956455f53455353494f4e5f444154417c733a3235363a226366346334376331366234613763636638313766323563373761353233643435396130326239613434633437333137363763653639383539383565656236323738643832366639656562396632613539346666333733636537393664386265616461643061386430356636323135643864316236366665393266346139393830626c5a706b31313049494478624a2b4a55384c585a63334b6466374c33414266763369434e316354523149713746754570447a2b684c62474f4c5972645062394a3052436c6446644861506d6a50376c39633553576f483436377a71517a65596d6e657a554a32504c6b694c4a374f7746646a497662523446546a5441324c48223b636172745f636f6e74656e74737c613a333a7b733a31303a22636172745f746f74616c223b643a34323530303b733a31313a22746f74616c5f6974656d73223b643a313b733a33323a223363353964633034386538383530323433626538303739613563373464303739223b613a363a7b733a323a226964223b733a323a223231223b733a333a22717479223b643a313b733a353a227072696365223b643a34323530303b733a343a226e616d65223b733a393a22526f6b204a65616e73223b733a353a22726f776964223b733a33323a223363353964633034386538383530323433626538303739613563373464303739223b733a383a22737562746f74616c223b643a34323530303b7d7d),
('8891dam2bf2cn1p4kr9lhsrnlturkk47', '::1', 1738751789, 0x5f5f63695f6c6173745f726567656e65726174657c693a313733383735313738383b7265646972656374696f6e7c4e3b5f5f4143544956455f53455353494f4e5f444154417c733a3235363a226366346334376331366234613763636638313766323563373761353233643435396130326239613434633437333137363763653639383539383565656236323738643832366639656562396632613539346666333733636537393664386265616461643061386430356636323135643864316236366665393266346139393830626c5a706b31313049494478624a2b4a55384c585a63334b6466374c33414266763369434e316354523149713746754570447a2b684c62474f4c5972645062394a3052436c6446644861506d6a50376c39633553576f483436377a71517a65596d6e657a554a32504c6b694c4a374f7746646a497662523446546a5441324c48223b636172745f636f6e74656e74737c613a333a7b733a31303a22636172745f746f74616c223b643a34323530303b733a31313a22746f74616c5f6974656d73223b643a313b733a33323a223363353964633034386538383530323433626538303739613563373464303739223b613a363a7b733a323a226964223b733a323a223231223b733a333a22717479223b643a313b733a353a227072696365223b643a34323530303b733a343a226e616d65223b733a393a22526f6b204a65616e73223b733a353a22726f776964223b733a33323a223363353964633034386538383530323433626538303739613563373464303739223b733a383a22737562746f74616c223b643a34323530303b7d7d),
('diqrm9ps6m9ljk6a008b7bqtq8kp0n4j', '::1', 1738752194, 0x5f5f63695f6c6173745f726567656e65726174657c693a313733383735323139343b7265646972656374696f6e7c4e3b5f5f4143544956455f53455353494f4e5f444154417c733a3235363a22626531326264393830386462333336643935313832376232323364326334313366333166616230356434333535373365656163323835626633613563393465336261343662333130633930333034346635346664306361303535343736326134656262366464373466636164626365333835616535386231303033333936653331332b735065354e754e673958695172416a3134593056503066514f72574230366354624c45412f373068737034306d5a4b346f7a4f55514258516a4642526f7975373872524c3042704461315334464d5a2b744c5573586d393452616647456b6c4773434b7a72376f596443794e643374773753644f7666366e2b556b5242223b),
('on56t8f3ph6f07h358cc9pdc3nle3v3g', '::1', 1738757116, 0x5f5f63695f6c6173745f726567656e65726174657c693a313733383735373131363b7265646972656374696f6e7c4e3b5f5f4143544956455f53455353494f4e5f444154417c733a3235363a22626531326264393830386462333336643935313832376232323364326334313366333166616230356434333535373365656163323835626633613563393465336261343662333130633930333034346635346664306361303535343736326134656262366464373466636164626365333835616535386231303033333936653331332b735065354e754e673958695172416a3134593056503066514f72574230366354624c45412f373068737034306d5a4b346f7a4f55514258516a4642526f7975373872524c3042704461315334464d5a2b744c5573586d393452616647456b6c4773434b7a72376f596443794e643374773753644f7666366e2b556b5242223b),
('nqf3aqo641bbf3f0301p7g54d520mfuo', '::1', 1738758282, 0x5f5f63695f6c6173745f726567656e65726174657c693a313733383735383238323b7265646972656374696f6e7c4e3b5f5f4143544956455f53455353494f4e5f444154417c733a3235363a22626531326264393830386462333336643935313832376232323364326334313366333166616230356434333535373365656163323835626633613563393465336261343662333130633930333034346635346664306361303535343736326134656262366464373466636164626365333835616535386231303033333936653331332b735065354e754e673958695172416a3134593056503066514f72574230366354624c45412f373068737034306d5a4b346f7a4f55514258516a4642526f7975373872524c3042704461315334464d5a2b744c5573586d393452616647456b6c4773434b7a72376f596443794e643374773753644f7666366e2b556b5242223b),
('18seokj90rvga9kscpvq3f8rmv71i606', '::1', 1738759515, 0x5f5f63695f6c6173745f726567656e65726174657c693a313733383735393531353b7265646972656374696f6e7c4e3b5f5f4143544956455f53455353494f4e5f444154417c733a3235363a22626531326264393830386462333336643935313832376232323364326334313366333166616230356434333535373365656163323835626633613563393465336261343662333130633930333034346635346664306361303535343736326134656262366464373466636164626365333835616535386231303033333936653331332b735065354e754e673958695172416a3134593056503066514f72574230366354624c45412f373068737034306d5a4b346f7a4f55514258516a4642526f7975373872524c3042704461315334464d5a2b744c5573586d393452616647456b6c4773434b7a72376f596443794e643374773753644f7666366e2b556b5242223b),
('dnfbineus2hveoslp3109fba9jr690kp', '::1', 1738764765, 0x5f5f63695f6c6173745f726567656e65726174657c693a313733383736343736353b7265646972656374696f6e7c4e3b5f5f4143544956455f53455353494f4e5f444154417c733a3235363a22626531326264393830386462333336643935313832376232323364326334313366333166616230356434333535373365656163323835626633613563393465336261343662333130633930333034346635346664306361303535343736326134656262366464373466636164626365333835616535386231303033333936653331332b735065354e754e673958695172416a3134593056503066514f72574230366354624c45412f373068737034306d5a4b346f7a4f55514258516a4642526f7975373872524c3042704461315334464d5a2b744c5573586d393452616647456b6c4773434b7a72376f596443794e643374773753644f7666366e2b556b5242223b636172745f636f6e74656e74737c613a343a7b733a31303a22636172745f746f74616c223b643a37353030303b733a31313a22746f74616c5f6974656d73223b643a323b733a33323a223166306533646164393939303833343566373433396638666661626466666334223b613a363a7b733a323a226964223b733a323a223139223b733a333a22717479223b643a313b733a353a227072696365223b643a36303030303b733a343a226e616d65223b733a31383a224a65616e73204b6f7265616e207374796c65223b733a353a22726f776964223b733a33323a223166306533646164393939303833343566373433396638666661626466666334223b733a383a22737562746f74616c223b643a36303030303b7d733a33323a226164363161623134333232336566626332346337643235383362653639323531223b613a363a7b733a323a226964223b733a323a223734223b733a333a22717479223b643a313b733a353a227072696365223b643a31353030303b733a343a226e616d65223b733a373a2253746162696c6f223b733a353a22726f776964223b733a33323a226164363161623134333232336566626332346337643235383362653639323531223b733a383a22737562746f74616c223b643a31353030303b7d7d),
('19hvc1c3ci9ogru5d02lancaakmiorkj', '::1', 1738764457, 0x5f5f63695f6c6173745f726567656e65726174657c693a313733383736343435373b7265646972656374696f6e7c4e3b5f5f4143544956455f53455353494f4e5f444154417c733a3235363a22626531326264393830386462333336643935313832376232323364326334313366333166616230356434333535373365656163323835626633613563393465336261343662333130633930333034346635346664306361303535343736326134656262366464373466636164626365333835616535386231303033333936653331332b735065354e754e673958695172416a3134593056503066514f72574230366354624c45412f373068737034306d5a4b346f7a4f55514258516a4642526f7975373872524c3042704461315334464d5a2b744c5573586d393452616647456b6c4773434b7a72376f596443794e643374773753644f7666366e2b556b5242223b),
('s653merov3svnudf20ik7a1rcnvh8d3a', '::1', 1738764863, 0x5f5f63695f6c6173745f726567656e65726174657c693a313733383736343736353b7265646972656374696f6e7c4e3b5f5f4143544956455f53455353494f4e5f444154417c733a3235363a22626531326264393830386462333336643935313832376232323364326334313366333166616230356434333535373365656163323835626633613563393465336261343662333130633930333034346635346664306361303535343736326134656262366464373466636164626365333835616535386231303033333936653331332b735065354e754e673958695172416a3134593056503066514f72574230366354624c45412f373068737034306d5a4b346f7a4f55514258516a4642526f7975373872524c3042704461315334464d5a2b744c5573586d393452616647456b6c4773434b7a72376f596443794e643374773753644f7666366e2b556b5242223b636172745f636f6e74656e74737c613a343a7b733a31303a22636172745f746f74616c223b643a37353030303b733a31313a22746f74616c5f6974656d73223b643a323b733a33323a223166306533646164393939303833343566373433396638666661626466666334223b613a363a7b733a323a226964223b733a323a223139223b733a333a22717479223b643a313b733a353a227072696365223b643a36303030303b733a343a226e616d65223b733a31383a224a65616e73204b6f7265616e207374796c65223b733a353a22726f776964223b733a33323a223166306533646164393939303833343566373433396638666661626466666334223b733a383a22737562746f74616c223b643a36303030303b7d733a33323a226164363161623134333232336566626332346337643235383362653639323531223b613a363a7b733a323a226964223b733a323a223734223b733a333a22717479223b643a313b733a353a227072696365223b643a31353030303b733a343a226e616d65223b733a373a2253746162696c6f223b733a353a22726f776964223b733a33323a226164363161623134333232336566626332346337643235383362653639323531223b733a383a22737562746f74616c223b643a31353030303b7d7d),
('neoaj00lpmf0pt7pono50l8ru1vhev26', '::1', 1738765526, 0x5f5f63695f6c6173745f726567656e65726174657c693a313733383736353532363b),
('td9g7fo36fa76hmkubgq4o81c08b6v7a', '::1', 1738765428, 0x5f5f63695f6c6173745f726567656e65726174657c693a313733383736353234333b),
('kmo1bv3oo6t727ff7979psehrljsnmam', '::1', 1738765433, 0x5f5f63695f6c6173745f726567656e65726174657c693a313733383736353433333b),
('aks69n7tg6613uvpjmb51kathauc6vdo', '::1', 1738767130, 0x5f5f63695f6c6173745f726567656e65726174657c693a313733383736373133303b),
('ap2ur6u2dvah59ctd627snjecjoi0gf4', '::1', 1738765895, 0x5f5f63695f6c6173745f726567656e65726174657c693a313733383736353839353b),
('df3vbu958h9b52oef3eklr62aq2hutjd', '::1', 1738766211, 0x5f5f63695f6c6173745f726567656e65726174657c693a313733383736363231313b),
('qb8s90gkbr5mv5ttrd2ipleddfpkn9ot', '::1', 1738766517, 0x5f5f63695f6c6173745f726567656e65726174657c693a313733383736363531373b636172745f636f6e74656e74737c613a333a7b733a31303a22636172745f746f74616c223b643a3132373530303b733a31313a22746f74616c5f6974656d73223b643a333b733a33323a223363353964633034386538383530323433626538303739613563373464303739223b613a363a7b733a323a226964223b733a323a223231223b733a333a22717479223b643a333b733a353a227072696365223b643a34323530303b733a343a226e616d65223b733a393a22526f6b204a65616e73223b733a353a22726f776964223b733a33323a223363353964633034386538383530323433626538303739613563373464303739223b733a383a22737562746f74616c223b643a3132373530303b7d7d5f74656d705f636f75706f6e7c733a303a22223b5f74656d705f7175616e746974797c613a313a7b733a33323a223363353964633034386538383530323433626538303739613563373464303739223b733a313a2232223b7d7265646972656374696f6e7c733a36343a226148523063446f764c327876593246736147397a6443397959585274615774314c326c755a4756344c6e426f6343397a614739774c324e6f5a574e7262335630223b),
('cat4jlenbsrbm62cobr9tic9lo08ko1k', '::1', 1738766830, 0x5f5f63695f6c6173745f726567656e65726174657c693a313733383736363833303b636172745f636f6e74656e74737c613a333a7b733a31303a22636172745f746f74616c223b643a3132373530303b733a31313a22746f74616c5f6974656d73223b643a333b733a33323a223363353964633034386538383530323433626538303739613563373464303739223b613a363a7b733a323a226964223b733a323a223231223b733a333a22717479223b643a333b733a353a227072696365223b643a34323530303b733a343a226e616d65223b733a393a22526f6b204a65616e73223b733a353a22726f776964223b733a33323a223363353964633034386538383530323433626538303739613563373464303739223b733a383a22737562746f74616c223b643a3132373530303b7d7d5f5f4143544956455f53455353494f4e5f444154417c733a3235363a223763633736393433313463366434633834363132333133356230383632373633663139653065323036393138636163383437373739383834643635383435646165626638646663623738653463663166366264633230663632663839663666316363303537656139376161306539353436353731343462666531366330383930724b6d464e46313654326b4b422f4b3462746e302b51336a337a3132646f61394c6a6863374361577638376c67617666783158537039484c426f41774770446d7a44306e76324972352b4f486c6e41752b4157766239755073465635504e4a5379513266756d7a656a7a416b5963685448797768574973472f514f706a525959223b6f726465725f7175616e746974797c613a313a7b693a32313b613a323a7b733a333a22717479223b643a313b733a353a227072696365223b643a34323530303b7d7d746f74616c5f70726963657c643a34323530303b),
('vk7egvupivfhkuhm1a5i54au7lph1o6a', '::1', 1738767240, 0x5f5f63695f6c6173745f726567656e65726174657c693a313733383736373234303b636172745f636f6e74656e74737c613a333a7b733a31303a22636172745f746f74616c223b643a3231323530303b733a31313a22746f74616c5f6974656d73223b643a353b733a33323a223363353964633034386538383530323433626538303739613563373464303739223b613a363a7b733a323a226964223b733a323a223231223b733a333a22717479223b643a353b733a353a227072696365223b643a34323530303b733a343a226e616d65223b733a393a22526f6b204a65616e73223b733a353a22726f776964223b733a33323a223363353964633034386538383530323433626538303739613563373464303739223b733a383a22737562746f74616c223b643a3231323530303b7d7d5f5f4143544956455f53455353494f4e5f444154417c733a3235363a223763633736393433313463366434633834363132333133356230383632373633663139653065323036393138636163383437373739383834643635383435646165626638646663623738653463663166366264633230663632663839663666316363303537656139376161306539353436353731343462666531366330383930724b6d464e46313654326b4b422f4b3462746e302b51336a337a3132646f61394c6a6863374361577638376c67617666783158537039484c426f41774770446d7a44306e76324972352b4f486c6e41752b4157766239755073465635504e4a5379513266756d7a656a7a416b5963685448797768574973472f514f706a525959223b6f726465725f7175616e746974797c613a313a7b693a32313b613a323a7b733a333a22717479223b643a313b733a353a227072696365223b643a34323530303b7d7d746f74616c5f70726963657c643a34323530303b),
('5eqjgridprhg2l6mh4rr3h4ukicn1p44', '::1', 1738767499, 0x5f5f63695f6c6173745f726567656e65726174657c693a313733383736373439393b7265646972656374696f6e7c4e3b5f5f4143544956455f53455353494f4e5f444154417c733a3235363a223336653863376365376433656632303630663766316138373233366261336430343634623236303038326435653930326331346534666535306265383132323561613362303162363532646630383137316663356630326463373436383031306138363632323864666636336637663236366639653135613330613332316462716e30317a2b594a4161596d505030306753614a44397466357733706c4745706b4d4f4f315163323535623141784f5348362b614269643175534e4a6d677664567575384d4c50485a65526f6e642b6b6166444e765836463978694f55686e446d42686442424d52552f564a5164525a5a7270326a345967734c75376655612b223b6f726465725f666c6173687c733a32363a224f7264657220626572686173696c20646974616d6261686b616e223b5f5f63695f766172737c613a313a7b733a31313a226f726465725f666c617368223b733a333a226f6c64223b7d),
('t3jqrreqd6mnp9evjf2mkub1mrf7g84j', '::1', 1738767401, 0x5f5f63695f6c6173745f726567656e65726174657c693a313733383736373234303b636172745f636f6e74656e74737c613a333a7b733a31303a22636172745f746f74616c223b643a3231323530303b733a31313a22746f74616c5f6974656d73223b643a353b733a33323a223363353964633034386538383530323433626538303739613563373464303739223b613a363a7b733a323a226964223b733a323a223231223b733a333a22717479223b643a353b733a353a227072696365223b643a34323530303b733a343a226e616d65223b733a393a22526f6b204a65616e73223b733a353a22726f776964223b733a33323a223363353964633034386538383530323433626538303739613563373464303739223b733a383a22737562746f74616c223b643a3231323530303b7d7d5f5f4143544956455f53455353494f4e5f444154417c733a3235363a22363162633739646238616562313435613534623763646338363337313134363361643262633536363061633063653663396339353063306339333434363330333934633536393264383133373862396639393938393738313331633963646266656635646462323564646661633339396532353136313265303636326333653469513557364d634632434f62756273785a31464d6d5951724b7a2f536d6970545070367154465a313547456256564a526b2f4936664b396f525a56523032386e5351596a352b6752507a4658703674723066795367466c6b643169303235416942706f616e4c616d42543332477a4671442b455355354d5762463232584a5068223b6f726465725f7175616e746974797c613a313a7b693a32313b613a323a7b733a333a22717479223b643a313b733a353a227072696365223b643a34323530303b7d7d746f74616c5f70726963657c643a34323530303b7265646972656374696f6e7c4e3b),
('sa9kfbk3b2t2g7rpi5o1s45n1jrf27r6', '::1', 1738767500, 0x5f5f63695f6c6173745f726567656e65726174657c693a313733383736373439393b7265646972656374696f6e7c4e3b5f5f4143544956455f53455353494f4e5f444154417c733a3235363a223336653863376365376433656632303630663766316138373233366261336430343634623236303038326435653930326331346534666535306265383132323561613362303162363532646630383137316663356630326463373436383031306138363632323864666636336637663236366639653135613330613332316462716e30317a2b594a4161596d505030306753614a44397466357733706c4745706b4d4f4f315163323535623141784f5348362b614269643175534e4a6d677664567575384d4c50485a65526f6e642b6b6166444e765836463978694f55686e446d42686442424d52552f564a5164525a5a7270326a345967734c75376655612b223b);

-- --------------------------------------------------------

--
-- Struktur dari tabel `contacts`
--

CREATE TABLE `contacts` (
  `id` int(10) NOT NULL,
  `parent_id` int(10) DEFAULT NULL,
  `name` varchar(32) NOT NULL,
  `subject` varchar(128) DEFAULT NULL,
  `email` varchar(64) NOT NULL,
  `message` mediumtext NOT NULL,
  `contact_date` datetime DEFAULT NULL,
  `status` tinyint(1) DEFAULT 1,
  `reply_at` datetime DEFAULT NULL
) ENGINE=InnoDB DEFAULT CHARSET=utf8mb4;

--
-- Dumping data untuk tabel `contacts`
--

INSERT INTO `contacts` (`id`, `parent_id`, `name`, `subject`, `email`, `message`, `contact_date`, `status`, `reply_at`) VALUES
(1, NULL, 'Agung Tri Saputra', 'Pengiriman kok lama?', 'martinms.za@gmail.com', 'pengiriman pesanan saya kok lama ya', '2020-03-29 07:40:13', 2, NULL),
(3, NULL, 'boneka pink', 'penyemangat', 'raulandriansyah0404@gmail.com', 'semngat yayy', '2024-12-15 17:18:43', 1, NULL),
(4, NULL, 'raulandrsyh', 'kepuasan', 'raul@gmail.com', 'sangat ramai pengunjung dan pelayanan terbaik', '2025-02-04 19:16:28', 2, NULL);

-- --------------------------------------------------------

--
-- Struktur dari tabel `coupons`
--

CREATE TABLE `coupons` (
  `id` bigint(20) NOT NULL,
  `name` varchar(191) NOT NULL,
  `code` varchar(32) NOT NULL,
  `credit` decimal(8,2) NOT NULL,
  `start_date` date NOT NULL,
  `expired_date` date NOT NULL,
  `is_active` tinyint(4) DEFAULT 1
) ENGINE=InnoDB DEFAULT CHARSET=utf8mb4;

-- --------------------------------------------------------

--
-- Struktur dari tabel `customers`
--

CREATE TABLE `customers` (
  `id` bigint(20) NOT NULL,
  `user_id` bigint(20) UNSIGNED DEFAULT NULL,
  `name` varchar(191) NOT NULL,
  `phone_number` varchar(32) DEFAULT NULL,
  `address` varchar(191) NOT NULL,
  `profile_picture` varchar(191) DEFAULT NULL
) ENGINE=InnoDB DEFAULT CHARSET=utf8mb4;

--
-- Dumping data untuk tabel `customers`
--

INSERT INTO `customers` (`id`, `user_id`, `name`, `phone_number`, `address`, `profile_picture`) VALUES
(12, 15, 'Mega Lestari', '082345667599', 'Kedaton, Bandar Lampung', NULL),
(13, 16, 'rauljamet', '08992645855', 'bumisari', NULL),
(14, 17, 'raulandrsyh', '05412105456422', 'balam', 'c607b747ea9b5ce5a25e1f3cde88ecb2.jpg'),
(15, 18, 'angela palandi', '0825252525', 'bandar lampung', 'download.jpg'),
(16, 19, 'sodiokinon', '082292939339', 'mangkualam', NULL),
(17, 20, 'sodikin', '08229292992', 'tt.com', NULL);

-- --------------------------------------------------------

--
-- Struktur dari tabel `orders`
--

CREATE TABLE `orders` (
  `id` bigint(20) NOT NULL,
  `user_id` bigint(20) UNSIGNED DEFAULT NULL,
  `coupon_id` bigint(20) DEFAULT NULL,
  `order_number` varchar(16) NOT NULL,
  `order_status` enum('1','2','3','4','5') DEFAULT '1',
  `order_date` datetime NOT NULL,
  `total_price` decimal(10,2) DEFAULT NULL,
  `total_items` int(10) DEFAULT NULL,
  `payment_method` int(11) DEFAULT 1,
  `delivery_data` text DEFAULT NULL,
  `delivered_date` datetime DEFAULT NULL,
  `finish_date` datetime DEFAULT NULL
) ENGINE=InnoDB DEFAULT CHARSET=utf8mb4;

--
-- Dumping data untuk tabel `orders`
--

INSERT INTO `orders` (`id`, `user_id`, `coupon_id`, `order_number`, `order_status`, `order_date`, `total_price`, `total_items`, `payment_method`, `delivery_data`, `delivered_date`, `finish_date`) VALUES
(29, 15, NULL, 'JRP12124115964', '4', '2024-01-12 16:30:17', '1200000.00', 1, 1, '{\"customer\":{\"name\":\"Mega Lestari\",\"phone_number\":\"082345667599\",\"address\":\"Kedaton, Bandar Lampung\"},\"note\":\"Tiket 1 Orang Untuk Mega Lestari\"}', NULL, NULL),
(30, 15, NULL, 'NEQ13124115716', '4', '2024-01-13 12:03:05', '1200000.00', 1, 1, '{\"customer\":{\"name\":\"Nana Safitri\",\"phone_number\":\"082345667651\",\"address\":\"Way Halim, Bandar Lampung\"},\"note\":\"Pembelian Tiket Untuk Nana Safitri\"}', NULL, NULL),
(31, 16, NULL, 'TZR71124116481', '1', '2024-11-07 11:20:30', '2400000.00', 1, 1, '{\"customer\":{\"name\":\"rauljamet\",\"phone_number\":\"08992645855\",\"address\":\"bumisari\"},\"note\":\"\"}', NULL, NULL),
(32, 16, NULL, 'OLA71124116913', '5', '2024-11-07 11:40:42', '1200000.00', 1, 1, '{\"customer\":{\"name\":\"rauljamet\",\"phone_number\":\"08992645855\",\"address\":\"bumisari\"},\"note\":\"\"}', NULL, NULL),
(33, 17, NULL, 'SOC131224117823', '4', '2024-12-13 11:39:33', '50000.00', 1, 1, '{\"customer\":{\"name\":\"raulaja\",\"phone_number\":\"05412105456422\",\"address\":\"balam\"},\"note\":\"\"}', NULL, NULL),
(34, 17, NULL, 'AOF131224117384', '4', '2024-12-13 11:44:04', '120000.00', 1, 2, '{\"customer\":{\"name\":\"raulaja\",\"phone_number\":\"05412105456422\",\"address\":\"balam\"},\"note\":\"\"}', NULL, NULL),
(35, 18, NULL, 'ZXA131224118935', '4', '2024-12-13 12:13:19', '20000.00', 1, 1, '{\"customer\":{\"name\":\"angela palandi\",\"phone_number\":\"0825252525\",\"address\":\"bandar lampung\"},\"note\":\"\"}', NULL, NULL),
(36, 17, NULL, 'WNC31125117853', '1', '2025-01-31 20:56:08', '120000.00', 1, 2, '{\"customer\":{\"name\":\"raulaja\",\"phone_number\":\"05412105456422\",\"address\":\"balam\"},\"note\":\"\"}', NULL, NULL),
(37, 17, NULL, 'VVP31125017315', '1', '2025-01-31 20:56:59', '0.00', 0, 1, '{\"customer\":{\"name\":\"raulaja\",\"phone_number\":\"05412105456422\",\"address\":\"balam\"},\"note\":\"\"}', NULL, NULL),
(38, 17, NULL, 'JOQ31125017640', '1', '2025-01-31 20:57:03', '0.00', 0, 1, '{\"customer\":{\"name\":\"raulaja\",\"phone_number\":\"05412105456422\",\"address\":\"balam\"},\"note\":\"\"}', NULL, NULL),
(39, 18, NULL, 'YUK31125118107', '1', '2025-01-31 21:44:12', '60000.00', 1, 1, '{\"customer\":{\"name\":\"angela palandi\",\"phone_number\":\"0825252525\",\"address\":\"bandar lampung\"},\"note\":\"\"}', NULL, NULL),
(40, 18, NULL, 'VPC31125018715', '1', '2025-01-31 21:45:06', '0.00', 0, 1, '{\"customer\":{\"name\":\"angela palandi\",\"phone_number\":\"0825252525\",\"address\":\"bandar lampung\"},\"note\":\"\"}', NULL, NULL),
(41, 18, NULL, 'NDY31125018209', '2', '2025-01-31 21:45:10', '0.00', 0, 1, '{\"customer\":{\"name\":\"angela palandi\",\"phone_number\":\"0825252525\",\"address\":\"bandar lampung\"},\"note\":\"\"}', NULL, NULL),
(42, 18, NULL, 'FMU31125018746', '1', '2025-01-31 21:45:18', '0.00', 0, 2, '{\"customer\":{\"name\":\"angela palandi\",\"phone_number\":\"0825252525\",\"address\":\"bandar lampung\"},\"note\":\"\"}', NULL, NULL),
(43, 18, NULL, 'LJM31125018761', '1', '2025-01-31 21:45:28', '0.00', 0, 2, '{\"customer\":{\"name\":\"angela palandi\",\"phone_number\":\"0825252525\",\"address\":\"bandar lampung\"},\"note\":\"\"}', NULL, NULL),
(44, 18, NULL, 'CSU1225118743', '4', '2025-02-01 06:53:57', '60000.00', 1, 1, '{\"customer\":{\"name\":\"angela palandi\",\"phone_number\":\"0825252525\",\"address\":\"bandar lampung\"},\"note\":\"\"}', NULL, NULL),
(45, 17, NULL, 'IEN1225117604', '4', '2025-02-01 07:03:41', '45000.00', 1, 1, '{\"customer\":{\"name\":\"raul aja\",\"phone_number\":\"05412105456422\",\"address\":\"bandar lampung\"},\"note\":\"\"}', NULL, NULL),
(46, 17, NULL, 'SHK1225117479', '5', '2025-02-01 07:13:48', '35000.00', 1, 1, '{\"customer\":{\"name\":\"raulaja\",\"phone_number\":\"05412105456422\",\"address\":\"balam\"},\"note\":\"\"}', NULL, NULL),
(48, 17, NULL, 'PZQ1225117063', '2', '2025-02-01 18:42:42', '60000.00', 1, 1, '{\"customer\":{\"name\":\"raulaja\",\"phone_number\":\"05412105456422\",\"address\":\"balam\"},\"note\":\"\"}', NULL, NULL),
(49, 17, NULL, 'JIX4225117042', '2', '2025-02-04 17:59:03', '120000.00', 1, 1, '{\"customer\":{\"name\":\"raulandrsyh\",\"phone_number\":\"05\",\"address\":\"bandar lampung\"},\"note\":\"\"}', NULL, NULL),
(50, 20, NULL, 'XQE5225220205', '1', '2025-02-05 15:56:13', '490000.00', 2, 2, '{\"customer\":{\"name\":\"sodikin\",\"phone_number\":\"08229292992\",\"address\":\"tt.com\"},\"note\":\"\"}', NULL, NULL);

-- --------------------------------------------------------

--
-- Struktur dari tabel `order_item`
--

CREATE TABLE `order_item` (
  `id` bigint(20) NOT NULL,
  `order_id` bigint(20) DEFAULT NULL,
  `product_id` bigint(20) DEFAULT NULL,
  `order_qty` int(10) NOT NULL,
  `order_price` decimal(10,2) DEFAULT NULL
) ENGINE=InnoDB DEFAULT CHARSET=utf8mb4;

--
-- Dumping data untuk tabel `order_item`
--

INSERT INTO `order_item` (`id`, `order_id`, `product_id`, `order_qty`, `order_price`) VALUES
(24, 22, 19, 1, '1200000.00'),
(25, 23, 19, 1, '1200000.00'),
(26, 24, 19, 1, '1200000.00'),
(27, 25, 19, 1, '1200000.00'),
(28, 26, 19, 1, '1200000.00'),
(29, 27, 19, 1, '1200000.00'),
(30, 28, 19, 1, '1200000.00'),
(31, 29, 19, 1, '1200000.00'),
(32, 30, 19, 1, '1200000.00'),
(33, 31, 19, 2, '1200000.00'),
(34, 32, 19, 1, '1200000.00'),
(35, 33, 25, 1, '50000.00'),
(36, 34, 19, 3, '40000.00'),
(37, 35, 23, 1, '20000.00'),
(38, 36, 19, 1, '120000.00'),
(39, 39, 22, 1, '60000.00'),
(40, 44, 22, 1, '60000.00'),
(41, 45, 30, 1, '45000.00'),
(42, 46, 27, 1, '35000.00'),
(44, 48, 22, 1, '60000.00'),
(45, 49, 19, 1, '120000.00'),
(46, 50, 26, 1, '40000.00'),
(47, 50, 22, 12, '37500.00');

-- --------------------------------------------------------

--
-- Struktur dari tabel `packages`
--

CREATE TABLE `packages` (
  `id` bigint(20) NOT NULL,
  `category_id` int(10) DEFAULT NULL,
  `sku` varchar(32) DEFAULT NULL,
  `name` varchar(191) NOT NULL,
  `description` varchar(300) DEFAULT NULL,
  `picture_name` varchar(191) DEFAULT NULL,
  `price` decimal(10,2) NOT NULL,
  `current_discount` decimal(8,2) DEFAULT 0.00,
  `stock` int(10) NOT NULL,
  `product_unit` varchar(32) DEFAULT NULL,
  `is_available` tinyint(1) DEFAULT 1,
  `add_date` datetime DEFAULT NULL,
  `date_tour` varchar(50) NOT NULL
) ENGINE=InnoDB DEFAULT CHARSET=utf8mb4;

--
-- Dumping data untuk tabel `packages`
--

INSERT INTO `packages` (`id`, `category_id`, `sku`, `name`, `description`, `picture_name`, `price`, `current_discount`, `stock`, `product_unit`, `is_available`, `add_date`, `date_tour`) VALUES
(19, 9, 'PLTLPE1100281', 'Jeans Korean style', 'Jeans Korean Style\r\nBahan material denim tebal\r\nUkuran L Panjang : 85cm Pinggang : 82cm', 'kategori_Fashion_(1).png', '120000.00', '60000.00', 20, 'Jeans Korean ', 1, '2023-11-13 02:51:21', '2024-02-29'),
(21, 9, 'PLTBPE1100726', 'Rok Jeans', 'Rok Jeans Basic Korean\r\nBahan material denim ukuran Ukuran：	L     Panjang rok：	80cm	Lingkar pinggang：	72cm	Lingkar pinggul：	104cm', 'kategori_Fashion.png', '85000.00', '42500.00', 20, 'Rok Jeans', 1, '2024-01-13 12:18:46', '2025-02-11'),
(22, 9, 'PLTBPE1100839', 'Rok Jeans', 'Rok jeans wanita\r\nbahan premium tebal tidak melar\r\nwarna navy \r\nSize 27-30 = 78cm\r\nSize 30-32 = 80cm', '4.png', '75000.00', '37500.00', 20, 'Rok Jeans', 1, '2024-01-13 12:20:39', '2025-01-22'),
(23, 9, 'PLTBPI2100960', 'Kemeja lengan panjang', 'bahan katun lengan panjang\r\ntersedia size m-l-xl', '13.png', '120000.00', '60000.00', 15, 'Kemeja ', 1, '2024-01-13 12:22:39', '2025-03-09'),
(25, 17, 'BPB510268', 'Tas slempang', 'Bahan tebal kulit\r\ntersedia warna coklat tua dan muda', '21.png', '86000.00', '35000.00', 30, 'Tas', 1, '2024-12-13 11:37:48', '2025-02-13'),
(26, 17, 'BPB415339', 'Tas wanita totebag', 'bahan tebal warna coklat cerah cakep', '3.png', '70000.00', '30000.00', 25, 'Tas', 1, '2025-01-07 18:52:19', '2025-01-08'),
(27, 17, 'BB7100301', 'Tas totebag nadiva', 'navida korean style\r\nwarna coklat ', '41.png', '60000.00', '25000.00', 30, 'totebag', 1, '2025-01-07 19:41:41', '2025-01-22'),
(28, 17, 'TTAT625486', 'Tas Totebag anavlyn', 'Tas Totebag wanita tas kerja \r\nready stock, warna cream \r\ndimensi P 40 x T 25 L 15 Cm\r\nbahan tebal dan nyaman\r\nbahan tebal', '10.png', '65000.00', '30000.00', 25, 'Tas', 1, '2025-01-15 11:38:06', '2025-01-15'),
(29, 15, 'SPSW630635', 'sandal pita', 'flat sol antiselip warna merah marun\r\nsize 37 - 23cm', '11.png', '67000.00', '0.00', 30, 'sandal', 1, '2025-01-22 04:47:15', '2025-01-22'),
(30, 15, 'SWSW630037', 'sandal wanita', 'super empuk dan ringan \r\nwarna abu mengkilap\r\nsize 37 - 24cm', '131.png', '60000.00', '15000.00', 30, 'sandal', 1, '2025-01-22 04:53:57', '2025-01-22'),
(31, 15, 'SKHSW925405', 'sepatu kerja hak', 'warna hitam pekat casual dan formal\r\nsize size 37-23cm', '101.png', '90000.00', '35000.00', 25, 'sandal', 1, '2025-01-22 05:00:05', '2025-01-22'),
(32, 15, 'HWSW618639', 'heels wanita', 'hak kekinian mode baru\r\nwarna cream\r\nsize 38 -24cm', '12.png', '63000.00', '0.00', 18, 'sandal', 1, '2025-01-22 05:03:59', '2025-01-22'),
(33, 18, 'DBD415281', 'dompet ballery', 'cakep dari kulit sintetis\r\nwarna dark pink\r\n', '111.png', '45000.00', '0.00', 15, 'dompet', 1, '2025-01-22 05:14:41', '2025-01-22'),
(34, 18, 'DSPD522476', 'dompet simpel panjang', 'bahan kulit warna coklat cakep polll', '121.png', '55000.00', '0.00', 22, 'dompet', 1, '2025-01-22 05:17:56', '2025-01-22'),
(35, 18, 'DLD515703', 'dompet lipat', 'desain cantik dan berkualitas\r\nwarna hitam', '14.png', '50000.00', '0.00', 15, 'dompet', 1, '2025-01-22 05:21:43', '2025-01-22'),
(36, 18, 'DLMD124929', 'dompet lipat mini', 'dompet trendy berkualitas  penuh gaya\r\nwarna biru muda', '132.png', '18000.00', '0.00', 24, 'dompet', 1, '2025-01-22 05:25:29', '2025-01-22'),
(37, 10, 'BKKB540193', 'Boneka kelinci kuning', 'boneka kelinci canti lucu\r\nwarna kuning', '1.png', '50000.00', '0.00', 40, 'boneka', 1, '2025-01-22 05:29:53', '2025-01-22'),
(38, 10, 'BKPB530324', 'Boneka kelinci putih', 'boneka kelinci putih lucu mengemaskan\r\n', '2.png', '55000.00', '0.00', 30, 'boneka', 1, '2025-01-22 05:32:04', '2025-01-22'),
(39, 10, 'BPB425461', 'boneka pig', 'boneka babi lucu warna pink', '42.png', '40000.00', '0.00', 25, 'boneka', 1, '2025-01-22 05:34:21', '2025-01-22'),
(40, 10, 'BGB326590', 'boneka gajah', 'boneka gajah bahan lembut lucu warna pink', '9.png', '38000.00', '0.00', 26, 'boneka', 1, '2025-01-22 05:36:30', '2025-01-22'),
(41, 13, 'BB8200848', 'Bunga', 'bunga mawar dekorasi rumah dan ruangan kerja', '22.png', '87000.00', '0.00', 200, 'bunga', 1, '2025-01-22 05:40:48', '2025-01-22'),
(42, 13, 'ALB8100010', 'anggrek latex', 'bunga anggrek latex sesuai gambar', '31.png', '87000.00', '0.00', 100, 'bunga', 1, '2025-01-22 05:43:30', '2025-01-22'),
(43, 13, 'BAB8100181', 'bunga anggrek', 'cocok untuk hampers dan ruangan ', '102.png', '80000.00', '0.00', 100, 'bunga', 1, '2025-01-22 05:46:21', '2025-01-22'),
(44, 13, 'BLB910391', 'bungan latex', 'bunga latex premium cakep poll ', '8.png', '90000.00', '0.00', 10, 'bunga', 1, '2025-01-22 05:49:51', '2025-01-22'),
(45, 19, 'TSBM860834', 'tumbler stainless', 'Botol minum termos 450ml warna pink karakter', '32.png', '86000.00', '0.00', 60, 'botol', 1, '2025-01-22 09:33:54', '2025-01-22'),
(46, 19, 'TCBM470036', 'tumbler cangkir', 'tumbler cangkir 500ml bahan tahan karat', '5.png', '45000.00', '0.00', 70, 'botol', 1, '2025-01-22 09:37:16', '2025-01-22'),
(47, 19, 'TPBM550192', 'tumbler pink', 'tumbler karakter lucu 350ml', '103.png', '55000.00', '0.00', 50, 'botol', 1, '2025-01-22 09:39:52', '2025-01-22'),
(48, 19, 'TLBM355369', 'tumbler labubu', 'bahan stainless 550ml awet dan tahan lama ', '91.png', '36000.00', '0.00', 55, 'botol', 1, '2025-01-22 09:42:49', '2025-01-22'),
(49, 20, 'PKP&G2200011', 'Piring keramik', 'Motif anyaman ukuran 20cm', '15.png', '21000.00', '0.00', 200, 'piring', 1, '2025-01-22 09:53:31', '2025-01-22'),
(50, 20, 'PWLP&G2200270', 'Piring white line', 'piring makan motif bunga ukuran 20cm', '23.png', '22000.00', '0.00', 200, 'piring', 1, '2025-01-22 09:57:50', '2025-01-22'),
(51, 20, 'PKP&G2200445', 'Piring jepang cantik', 'piring jepang cantik bermotif ukuran 20cm', '51.png', '22000.00', '0.00', 200, 'piring', 1, '2025-01-22 10:00:45', '2025-01-22'),
(52, 20, 'PKP&G2200460', 'Piring keramik', 'piring cantik bermotif ukuran 20cm', '43.png', '22000.00', '0.00', 200, 'piring', 1, '2025-01-22 10:01:00', '2025-01-22'),
(53, 21, 'CBP&G675787', 'cangkir biggy', 'cangkir karakter biggy pescara', '7.png', '6000.00', '0.00', 75, 'gelas', 1, '2025-01-22 10:06:27', '2025-01-22'),
(54, 21, 'GAP&G2100915', 'Gelas aesthetic', 'gelas karakter bahan keramik tebal', '81.png', '29000.00', '0.00', 100, 'gelas', 1, '2025-01-22 10:08:35', '2025-01-22'),
(55, 21, 'GMDP&G1100044', 'Gelas mug dinosaurus', 'Gelas Mug cangkir anak karakter dinosaurus hijau', '92.png', '19500.00', '0.00', 100, 'gelas', 1, '2025-01-22 10:10:44', '2025-01-22'),
(56, 21, 'CMP&G1100203', 'Cangkir mug', 'cangkir mug stoneware tosca bahan keramik tebal', '104.png', '14500.00', '0.00', 100, 'gelas', 1, '2025-01-22 10:13:23', '2025-01-22'),
(57, 22, 'BB115024', 'Kacamata hitam', 'Kacamata hitam keren lensa blue ', '231.png', '17000.00', '0.00', 15, 'kacamata', 1, '2025-01-22 10:27:04', '2025-01-22'),
(58, 0, 'KV215847', 'Kacamata vintage', 'kacamata hitam vintage keren unisex', '24.png', '25000.00', '0.00', 15, 'kacamata', 1, '2025-01-22 10:40:47', '2025-01-22'),
(59, 22, 'KGK215077', 'Kacamata gaya', 'kacamata pria/wanita warna coklat fashion simple', '27.png', '25000.00', '0.00', 15, 'kacamata', 1, '2025-01-22 10:44:37', '2025-01-21'),
(60, 22, 'KKK215294', 'Kacamata kekinian', 'kacamata hitam keren dan kekinian ', '28.png', '24000.00', '0.00', 15, 'kacamata', 1, '2025-01-22 10:48:14', '2025-01-21'),
(61, 22, 'KPK215505', 'kacamata putih', 'kacamata unisex lensa hitam keren', '26.png', '23000.00', '0.00', 15, 'kacamata', 1, '2025-01-22 10:51:45', '2025-01-22'),
(62, 22, 'KSK115628', 'kacamata sunglaess', 'kacamata hitam dengan desain material plastik ', '25.png', '19000.00', '0.00', 15, 'kacamata', 1, '2025-01-22 10:53:48', '2025-01-23'),
(63, 23, 'TBT45819', 'Topi baseball', 'Topi baseball pria dan wanita motif timbul unisex', '30.png', '40000.00', '0.00', 5, 'topi', 1, '2025-01-22 10:56:59', '2025-01-23'),
(64, 23, 'TPT45013', 'Topi pantai', 'topi pantai warna hitam melindungi dari sinar matahari', '29.png', '45000.00', '0.00', 5, 'topi', 1, '2025-01-22 11:00:13', '2025-01-23'),
(65, 23, 'TPT415231', 'Topi pantai', 'Topi pantai wanita bunga pelindung warna coklat dijamin berkualitas', '33.png', '44000.00', '0.00', 15, 'topi', 1, '2025-01-22 11:03:51', '2025-01-23'),
(66, 23, 'TPPT215482', 'Topi pita pantai', 'topi pantai matahari pita lucu, bahan adem dan nyaman di gunakan\r\n', '321.png', '25000.00', '0.00', 15, 'topi', 1, '2025-01-22 11:08:02', '2025-01-23'),
(67, 23, 'TPT315619', 'Topi putih', 'topi putih pria dan wanita, bordir bear timbul bahan adem nyaman digunakan', '311.png', '30000.00', '0.00', 15, 'topi', 1, '2025-01-22 11:10:19', '2025-01-23'),
(68, 23, 'TBAT215184', 'Topi bucket anak', 'Topi bucket  bordir  bahan adem nyaman anak laki dan perempuan warna hitam', '34.png', '20000.00', '0.00', 15, 'topi', 1, '2025-01-22 11:36:24', '2025-01-23'),
(69, 24, 'SCSK325969', 'Sandal crocs', 'Sendal slip on warna pink bahan tebal anti licin sangat lembut digunkan\r\nukuran 34/35 - 20cm', '16.png', '35000.00', '0.00', 25, 'sandal karakter', 1, '2025-01-22 12:22:49', '2025-01-23'),
(70, 24, 'SSOSK325224', 'Sendal slip on', 'sendal slip on wanita warna hitam bahan empuk dan lembut nyaman digunakan \r\nukuran 36/37 - 23cm', '19.png', '39000.00', '0.00', 25, 'sendal karakter', 1, '2025-01-22 12:27:04', '2025-01-23'),
(71, 24, 'SBSK325561', 'Sandal baim', 'Sandal baim warna cream nyaman dan empuk digunakan tidak licin \r\nukuran 36/37 - 23cm', '18.png', '35000.00', '0.00', 25, 'sandal karakter', 1, '2025-01-22 12:32:41', '2025-01-23'),
(72, 24, 'SASK230830', 'Sandal anak', 'Sandal anak motif dino warna biru, ringan dan nyaman di gunakan\r\n', '211.png', '25000.00', '0.00', 30, 'sandal karakter', 1, '2025-01-22 12:37:10', '2025-01-23'),
(73, 16, 'SATAT415938', 'Set alat tulis', '1 set alat tulis terdiri \r\n-kotak pensil\r\n- rautan\r\n- penghapus\r\n- pensil\r\n- tali lompat', '151.png', '45000.00', '0.00', 15, 'alat tulis', 1, '2025-01-22 12:55:38', '2025-01-23'),
(74, 16, 'SAT115188', 'Stabilo', 'Stabilo karatkter warna ', '210.png', '15000.00', '0.00', 15, 'alat tulis', 1, '2025-01-22 12:59:48', '2025-01-23'),
(75, 16, 'SSAT125460', 'Stationary set', 'Stationary set + tamp\r\n- 3 pensil\r\n-\r\n- 1 stamp\r\n- 1 roll stamp\r\n- 6 motif stamp\r\n- 1 penghapus\r\n- 1 serutan', '133.png', '15000.00', '0.00', 25, 'alat tulis', 1, '2025-01-22 13:04:20', '2025-01-23'),
(76, 16, 'SSAT125633', 'Stationary spiderman', 'Stationary set spiderman', '141.png', '14000.00', '0.00', 25, 'alat tulis', 1, '2025-01-22 13:07:13', '2025-01-23');

-- --------------------------------------------------------

--
-- Struktur dari tabel `payments`
--

CREATE TABLE `payments` (
  `id` bigint(20) NOT NULL,
  `order_id` bigint(20) DEFAULT NULL,
  `payment_price` decimal(10,2) DEFAULT NULL,
  `payment_date` datetime NOT NULL,
  `picture_name` varchar(191) DEFAULT NULL,
  `payment_status` enum('1','2','3') DEFAULT '1',
  `confirmed_date` datetime DEFAULT NULL,
  `payment_data` text DEFAULT NULL
) ENGINE=InnoDB DEFAULT CHARSET=utf8mb4;

--
-- Dumping data untuk tabel `payments`
--

INSERT INTO `payments` (`id`, `order_id`, `payment_price`, `payment_date`, `picture_name`, `payment_status`, `confirmed_date`, `payment_data`) VALUES
(15, 22, '1200000.00', '2023-11-13 03:56:55', 'bg_dinding_41.jpg', '2', NULL, '{\"transfer_to\":\"mandiri\",\"source\":{\"bank\":\"Mandiri\",\"name\":\"Puji Rahayu\",\"number\":\"908888654\"}}'),
(16, 23, '1200000.00', '2023-11-14 17:03:08', 'Contoh_Label_Box.jpg', NULL, NULL, '{\"transfer_to\":\"bca\",\"source\":{\"bank\":\"BNI Syariah\",\"name\":\"lukmanul_ikhsani\",\"number\":\"0957839384\"}}'),
(17, 24, '1200000.00', '2023-11-14 17:07:22', 'bendera_indo.jpg', '3', NULL, '{\"transfer_to\":\"mandiri\",\"source\":{\"bank\":\"BNI Syariah\",\"name\":\"Rian\",\"number\":\"0957839399\"}}'),
(18, 25, '1200000.00', '2023-11-15 00:37:11', 'GDAY_TURKEY_+_BOSPHORUS_CRUISE_CUMALIKIZIK_OTTOMAN_VILLAGE.pdf', '1', NULL, '{\"transfer_to\":\"mandiri\",\"source\":{\"bank\":\"BNI Syariah\",\"name\":\"lukmanul\",\"number\":\"0957839384\"}}'),
(19, 26, '1200000.00', '2023-11-15 00:49:02', 'BEST_DEAL_HAINAN_ISLAND.pdf', '1', NULL, '{\"transfer_to\":\"mandiri\",\"source\":{\"bank\":\"BNI Syariah\",\"name\":\"jihan\",\"number\":\"0957839384\"}}'),
(20, 27, '1200000.00', '2023-11-15 01:07:44', 'bg_dinding_12.jpg', '1', NULL, '{\"transfer_to\":\"mandiri\",\"source\":{\"bank\":\"BNI Syariah\",\"name\":\"pujirahayu\",\"number\":\"0957839399\"}}'),
(21, 28, '1200000.00', '2023-11-27 06:47:25', 'bendera_indo1.jpg', '2', NULL, '{\"transfer_to\":\"mandiri\",\"source\":{\"bank\":\"BNI Syariah\",\"name\":\"nesha\",\"number\":\"0957839384\"}}'),
(22, 29, '1200000.00', '2024-01-12 16:32:15', 'Contoh_Check_Box.png', '2', NULL, '{\"transfer_to\":\"mandiri\",\"source\":{\"bank\":\"Mandiri\",\"name\":\"mega\",\"number\":\"097477387\"}}'),
(23, 30, '1200000.00', '2024-01-13 12:03:39', 'bendera_indo2.jpg', '2', NULL, '{\"transfer_to\":\"mandiri\",\"source\":{\"bank\":\"BNI Syariah\",\"name\":\"Nana Safitri\",\"number\":\"0957839399\"}}'),
(24, 33, '50000.00', '2024-12-13 11:40:37', 'WhatsApp_Image_2024-12-06_at_23_22_32.jpeg', '2', NULL, '{\"transfer_to\":\"mandiri\",\"source\":{\"bank\":\"bri\",\"name\":\"boneka pink\",\"number\":\"12345678\"}}'),
(25, 35, '20000.00', '2024-12-13 12:14:30', 'WhatsApp_Image_2024-12-06_at_23_22_35_(1).jpeg', NULL, NULL, '{\"transfer_to\":\"bca\",\"source\":{\"bank\":\"bca\",\"name\":\"angela\",\"number\":\"21212121\"}}'),
(26, 41, '50000.00', '2025-02-03 17:16:16', '16.png', '2', NULL, '{\"transfer_to\":\"mandiri\",\"source\":{\"bank\":\"bri\",\"name\":\"angela\",\"number\":\"12345678r9\"}}'),
(27, 48, '60000.00', '2025-02-04 17:54:52', 'tf.jpg', '2', NULL, '{\"transfer_to\":\"bca\",\"source\":{\"bank\":\"bri\",\"name\":\"angela\",\"number\":\"12345678r9\"}}'),
(28, 49, '120000.00', '2025-02-04 18:12:06', 'tf_2.jpg', '2', NULL, '{\"transfer_to\":\"mandiri\",\"source\":{\"bank\":\"seabank\",\"name\":\"Raul Andriansyah\",\"number\":\"23129293041\"}}');

-- --------------------------------------------------------

--
-- Struktur dari tabel `product_category`
--

CREATE TABLE `product_category` (
  `id` int(10) NOT NULL,
  `name` varchar(191) NOT NULL
) ENGINE=InnoDB DEFAULT CHARSET=utf8mb4;

--
-- Dumping data untuk tabel `product_category`
--

INSERT INTO `product_category` (`id`, `name`) VALUES
(2, 'AKSESORIS'),
(9, 'FASHION'),
(10, 'BONEKA'),
(12, 'HOME DECOR'),
(13, 'BUNGA'),
(14, 'KADO'),
(15, 'SANDAL WANITA'),
(16, 'ALAT TULIS'),
(17, 'TASS'),
(18, 'DOMPET'),
(19, 'BOTOL MINUM'),
(20, 'PIRING '),
(21, 'GELAS'),
(22, 'KACAMATA'),
(23, 'TOPI'),
(24, 'SANDAL KARAKTER');

-- --------------------------------------------------------

--
-- Struktur dari tabel `reviews`
--

CREATE TABLE `reviews` (
  `id` bigint(20) NOT NULL,
  `user_id` bigint(20) UNSIGNED DEFAULT NULL,
  `order_id` bigint(20) DEFAULT NULL,
  `title` varchar(191) DEFAULT NULL,
  `review_text` mediumtext NOT NULL,
  `review_date` datetime NOT NULL,
  `status` tinyint(1) NOT NULL DEFAULT 1
) ENGINE=InnoDB DEFAULT CHARSET=utf8mb4;

--
-- Dumping data untuk tabel `reviews`
--

INSERT INTO `reviews` (`id`, `user_id`, `order_id`, `title`, `review_text`, `review_date`, `status`) VALUES
(2, 7, 6, 'Sangat puas', 'Pengiriman cepat dan sayur segar', '2020-03-30 08:31:31', 1),
(3, 7, 5, 'Buah segar', 'Buah segar dan kualitasnya sangat bagus', '2020-03-30 08:33:10', 1),
(4, 8, 12, 'Toko Buah Segar', 'Sangat Puas Dengan Pelaynan dan Produknya Segar Semua', '2020-10-26 07:13:38', 1),
(5, 10, 13, 'Toko Buah Segar', 'Pesanan Dikrim Tepat Waktu dan Kualitas Segar Segar', '2020-10-26 07:17:35', 1),
(6, 11, 14, 'Toko Buah Segar', 'Sangat Puas Dengan Pelayanan Adminnya', '2020-10-26 08:38:48', 1),
(7, 17, 33, 'boneka pink', 'barang nya sangat bagus', '2024-12-13 11:42:52', 1),
(8, 18, 35, 'boneka', 'barang sesuai dengan pesanan dan harga terjangkau', '2024-12-13 12:18:41', 1);

-- --------------------------------------------------------

--
-- Struktur dari tabel `roles`
--

CREATE TABLE `roles` (
  `id` int(10) NOT NULL,
  `role_name` varchar(191) NOT NULL
) ENGINE=InnoDB DEFAULT CHARSET=utf8mb4;

--
-- Dumping data untuk tabel `roles`
--

INSERT INTO `roles` (`id`, `role_name`) VALUES
(1, 'Admin'),
(2, 'Customer');

-- --------------------------------------------------------

--
-- Struktur dari tabel `settings`
--

CREATE TABLE `settings` (
  `id` int(10) NOT NULL,
  `key` varchar(32) NOT NULL,
  `content` varchar(191) NOT NULL
) ENGINE=InnoDB DEFAULT CHARSET=utf8mb4;

--
-- Dumping data untuk tabel `settings`
--

INSERT INTO `settings` (`id`, `key`, `content`) VALUES
(1, 'current_theme_name', 'vegefoods'),
(2, 'store_name', 'Ratmiku'),
(3, 'store_phone_number', '089658975120'),
(4, 'store_email', 'ratmiku@gmail.com'),
(5, 'store_tagline', 'Belanja Murah Pasti Hemat'),
(6, 'store_logo', ''),
(7, 'max_product_image_size', '20000'),
(8, 'store_description', 'Ratmiku adalah toko yang menyediakan berbagai produk dekorasi interior, fashion, dan aksesoris dengan koleksi lengkap dan berkualitas.'),
(9, 'store_address', 'Jl. Kartini No.62, Palapa, Kec. Tj. Karang Pusat, Kota Bandar Lampung'),
(10, 'min_shop_to_free_shipping_cost', ''),
(11, 'shipping_cost', ''),
(12, 'payment_banks', '{\"mandiri\":{\"bank\":\"Mandiri\",\"number\":\"1234567890\",\"name\":\"Ratmiku\"},\"bca\":{\"bank\":\"BCA\",\"number\":\"0987654321\",\"name\":\"Ratmiku\"}}');

-- --------------------------------------------------------

--
-- Struktur dari tabel `users`
--

CREATE TABLE `users` (
  `id` bigint(20) UNSIGNED NOT NULL,
  `name` varchar(50) COLLATE utf8mb4_unicode_ci DEFAULT NULL,
  `email` varchar(191) COLLATE utf8mb4_unicode_ci NOT NULL,
  `email_verified_at` timestamp NULL DEFAULT NULL,
  `username` varchar(16) COLLATE utf8mb4_unicode_ci NOT NULL,
  `password` varchar(191) COLLATE utf8mb4_unicode_ci NOT NULL,
  `profile_picture` varchar(128) COLLATE utf8mb4_unicode_ci DEFAULT NULL,
  `role_id` int(10) DEFAULT 0,
  `register_date` datetime DEFAULT NULL
) ENGINE=InnoDB DEFAULT CHARSET=utf8mb4 COLLATE=utf8mb4_unicode_ci;

--
-- Dumping data untuk tabel `users`
--

INSERT INTO `users` (`id`, `name`, `email`, `email_verified_at`, `username`, `password`, `profile_picture`, `role_id`, `register_date`) VALUES
(7, 'Admin Ratmiku', 'adminratmiku@gmail.com', NULL, 'admin', '$2y$10$I8uQyHHMpJbO53vQNNuutuZugOgNke7l.ZTyBym5dQFmWM8dmmnPK', 'logo_ratmiku.png', 1, '2020-03-29 08:14:30'),
(14, 'pimpinanvinatour', 'pimpinantour@gmail.com', NULL, 'pimpinan', '$2y$10$JCvceX2Rbg2M20AmqQvZ4.JssGniRcthkGfT.30A4NJc6I9ckCry2', NULL, 1, '2023-12-20 05:42:20'),
(15, NULL, 'mega@gmail.com', NULL, 'megalestari', '$2y$10$X2KHYuIR3F9npAS5PE5zJ.Al90o5AESOa8QqarZwav9PFE4YMU72u', NULL, 2, '2024-01-12 15:58:16'),
(16, NULL, 'raules@gmail.com', NULL, 'raul', '$2y$10$hoOw78PUhl.NoxDbP9AiZO5U85q2PYW.JEsC2ayq1o0B8KLEVaPe.', NULL, 2, '2024-11-07 11:19:20'),
(17, NULL, 'raul@gmail.com', NULL, 'raul12', '$2y$10$sPIdKDhNPPMm6YX0ybQPjeFeSzJWIfnhQnbLbion/h6pCgTj9nyPe', NULL, 2, '2024-12-12 14:29:29'),
(18, NULL, 'angelapalandi@gmail.com', NULL, 'angela', '$2y$10$C/5BWEh1V.AllQBiybyEKuvhE6ukAlIzRZ2hdTpB.TrhUaFxeNRMy', NULL, 2, '2024-12-13 12:00:20'),
(19, NULL, 'sdkn@gmail.com', NULL, 'sodikin', '$2y$10$SaQjiiZiysNm/w99myx7gelVzc3S7TCtiUCRdVgH8L3JIoX90iPMO', NULL, 2, '2025-02-01 17:30:03'),
(20, NULL, 'sodikin@ttt.com', NULL, 'sodikinna', '$2y$10$d27qgDXeKIDVBHjjlGu9juWKSpzTAoBqTew2wjG4dc1rGLCMHo3GW', NULL, 2, '2025-02-05 15:55:57');

--
-- Indexes for dumped tables
--

--
-- Indeks untuk tabel `ci_sessions`
--
ALTER TABLE `ci_sessions`
  ADD KEY `ci_sessions_timestamp` (`timestamp`);

--
-- Indeks untuk tabel `contacts`
--
ALTER TABLE `contacts`
  ADD PRIMARY KEY (`id`),
  ADD KEY `FK_contacts_contacts` (`parent_id`);

--
-- Indeks untuk tabel `coupons`
--
ALTER TABLE `coupons`
  ADD PRIMARY KEY (`id`);

--
-- Indeks untuk tabel `customers`
--
ALTER TABLE `customers`
  ADD PRIMARY KEY (`id`),
  ADD KEY `FK_customers_users` (`user_id`);

--
-- Indeks untuk tabel `orders`
--
ALTER TABLE `orders`
  ADD PRIMARY KEY (`id`),
  ADD KEY `FK_orders_users` (`user_id`),
  ADD KEY `FK_orders_coupons` (`coupon_id`);

--
-- Indeks untuk tabel `order_item`
--
ALTER TABLE `order_item`
  ADD PRIMARY KEY (`id`),
  ADD KEY `order_id` (`order_id`),
  ADD KEY `product_id` (`product_id`);

--
-- Indeks untuk tabel `packages`
--
ALTER TABLE `packages`
  ADD PRIMARY KEY (`id`),
  ADD KEY `FK_products_product_category` (`category_id`);

--
-- Indeks untuk tabel `payments`
--
ALTER TABLE `payments`
  ADD PRIMARY KEY (`id`),
  ADD KEY `order_id` (`order_id`);

--
-- Indeks untuk tabel `product_category`
--
ALTER TABLE `product_category`
  ADD PRIMARY KEY (`id`);

--
-- Indeks untuk tabel `reviews`
--
ALTER TABLE `reviews`
  ADD PRIMARY KEY (`id`),
  ADD KEY `FK_reviews_users` (`user_id`),
  ADD KEY `FK_reviews_orders` (`order_id`);

--
-- Indeks untuk tabel `roles`
--
ALTER TABLE `roles`
  ADD PRIMARY KEY (`id`);

--
-- Indeks untuk tabel `settings`
--
ALTER TABLE `settings`
  ADD PRIMARY KEY (`id`) USING BTREE;

--
-- Indeks untuk tabel `users`
--
ALTER TABLE `users`
  ADD PRIMARY KEY (`id`) USING BTREE,
  ADD UNIQUE KEY `users_email_unique` (`email`) USING BTREE,
  ADD KEY `role_id` (`role_id`);

--
-- AUTO_INCREMENT untuk tabel yang dibuang
--

--
-- AUTO_INCREMENT untuk tabel `contacts`
--
ALTER TABLE `contacts`
  MODIFY `id` int(10) NOT NULL AUTO_INCREMENT, AUTO_INCREMENT=5;

--
-- AUTO_INCREMENT untuk tabel `coupons`
--
ALTER TABLE `coupons`
  MODIFY `id` bigint(20) NOT NULL AUTO_INCREMENT, AUTO_INCREMENT=4;

--
-- AUTO_INCREMENT untuk tabel `customers`
--
ALTER TABLE `customers`
  MODIFY `id` bigint(20) NOT NULL AUTO_INCREMENT, AUTO_INCREMENT=18;

--
-- AUTO_INCREMENT untuk tabel `orders`
--
ALTER TABLE `orders`
  MODIFY `id` bigint(20) NOT NULL AUTO_INCREMENT, AUTO_INCREMENT=51;

--
-- AUTO_INCREMENT untuk tabel `order_item`
--
ALTER TABLE `order_item`
  MODIFY `id` bigint(20) NOT NULL AUTO_INCREMENT, AUTO_INCREMENT=48;

--
-- AUTO_INCREMENT untuk tabel `packages`
--
ALTER TABLE `packages`
  MODIFY `id` bigint(20) NOT NULL AUTO_INCREMENT, AUTO_INCREMENT=77;

--
-- AUTO_INCREMENT untuk tabel `payments`
--
ALTER TABLE `payments`
  MODIFY `id` bigint(20) NOT NULL AUTO_INCREMENT, AUTO_INCREMENT=29;

--
-- AUTO_INCREMENT untuk tabel `product_category`
--
ALTER TABLE `product_category`
  MODIFY `id` int(10) NOT NULL AUTO_INCREMENT, AUTO_INCREMENT=26;

--
-- AUTO_INCREMENT untuk tabel `reviews`
--
ALTER TABLE `reviews`
  MODIFY `id` bigint(20) NOT NULL AUTO_INCREMENT, AUTO_INCREMENT=9;

--
-- AUTO_INCREMENT untuk tabel `roles`
--
ALTER TABLE `roles`
  MODIFY `id` int(10) NOT NULL AUTO_INCREMENT, AUTO_INCREMENT=3;

--
-- AUTO_INCREMENT untuk tabel `settings`
--
ALTER TABLE `settings`
  MODIFY `id` int(10) NOT NULL AUTO_INCREMENT, AUTO_INCREMENT=13;

--
-- AUTO_INCREMENT untuk tabel `users`
--
ALTER TABLE `users`
  MODIFY `id` bigint(20) UNSIGNED NOT NULL AUTO_INCREMENT, AUTO_INCREMENT=21;

--
-- Ketidakleluasaan untuk tabel pelimpahan (Dumped Tables)
--

--
-- Ketidakleluasaan untuk tabel `contacts`
--
ALTER TABLE `contacts`
  ADD CONSTRAINT `FK_contacts_contacts` FOREIGN KEY (`parent_id`) REFERENCES `contacts` (`id`) ON DELETE CASCADE ON UPDATE NO ACTION;

--
-- Ketidakleluasaan untuk tabel `customers`
--
ALTER TABLE `customers`
  ADD CONSTRAINT `FK_customers_users` FOREIGN KEY (`user_id`) REFERENCES `users` (`id`) ON DELETE NO ACTION ON UPDATE CASCADE;

--
-- Ketidakleluasaan untuk tabel `orders`
--
ALTER TABLE `orders`
  ADD CONSTRAINT `FK_orders_coupons` FOREIGN KEY (`coupon_id`) REFERENCES `coupons` (`id`) ON DELETE SET NULL ON UPDATE CASCADE,
  ADD CONSTRAINT `FK_orders_users` FOREIGN KEY (`user_id`) REFERENCES `users` (`id`) ON DELETE NO ACTION ON UPDATE CASCADE;

--
-- Ketidakleluasaan untuk tabel `payments`
--
ALTER TABLE `payments`
  ADD CONSTRAINT `FK_payments_orders` FOREIGN KEY (`order_id`) REFERENCES `orders` (`id`) ON DELETE NO ACTION ON UPDATE NO ACTION;
COMMIT;

/*!40101 SET CHARACTER_SET_CLIENT=@OLD_CHARACTER_SET_CLIENT */;
/*!40101 SET CHARACTER_SET_RESULTS=@OLD_CHARACTER_SET_RESULTS */;
/*!40101 SET COLLATION_CONNECTION=@OLD_COLLATION_CONNECTION */;
