/*
SQLyog Enterprise v12.5.1 (32 bit)
MySQL - 10.4.32-MariaDB : Database - ratmiku
*********************************************************************
*/

/*!40101 SET NAMES utf8 */;

/*!40101 SET SQL_MODE=''*/;

/*!40014 SET @OLD_UNIQUE_CHECKS=@@UNIQUE_CHECKS, UNIQUE_CHECKS=0 */;
/*!40014 SET @OLD_FOREIGN_KEY_CHECKS=@@FOREIGN_KEY_CHECKS, FOREIGN_KEY_CHECKS=0 */;
/*!40101 SET @OLD_SQL_MODE=@@SQL_MODE, SQL_MODE='NO_AUTO_VALUE_ON_ZERO' */;
/*!40111 SET @OLD_SQL_NOTES=@@SQL_NOTES, SQL_NOTES=0 */;
CREATE DATABASE /*!32312 IF NOT EXISTS*/`ratmiku` /*!40100 DEFAULT CHARACTER SET utf8mb4 COLLATE utf8mb4_general_ci */;

USE `ratmiku`;

/*Table structure for table `ci_sessions` */

DROP TABLE IF EXISTS `ci_sessions`;

CREATE TABLE `ci_sessions` (
  `id` varchar(128) NOT NULL,
  `ip_address` varchar(45) NOT NULL,
  `timestamp` int(10) unsigned NOT NULL DEFAULT 0,
  `data` blob NOT NULL,
  KEY `ci_sessions_timestamp` (`timestamp`)
) ENGINE=InnoDB DEFAULT CHARSET=utf8mb4 COLLATE=utf8mb4_general_ci;

/*Data for the table `ci_sessions` */

LOCK TABLES `ci_sessions` WRITE;

insert  into `ci_sessions`(`id`,`ip_address`,`timestamp`,`data`) values 
('r5vvab7g2rcfnqsum1mu8gdrheq15otp','::1',1740289650,0x5f5f63695f6c6173745f726567656e65726174657c693a313734303238393635303b7265646972656374696f6e7c4e3b),
('kfnks5ta6m9440stqs9t92mb01ucqd0h','::1',1740289390,0x5f5f63695f6c6173745f726567656e65726174657c693a313734303238393339303b7265646972656374696f6e7c4e3b5f5f4143544956455f53455353494f4e5f444154417c733a3235363a2237653763303838313739616439653735366532623935376234366332336632393333376233386265656663316666346534643566656166326565373862386233613463313138376530646631666262653737663337666139313230613836613761626261336564376434623664396362323335343730616236396136633533354c6243376a71335652453551346b546d4b78564e68775437392b78346965625842307a635a363533734a646733654e4e754d506b64614c48564a45576f776e4458464b704576424345515944776463775a5877754954443279447a4476526b496231457166736f74514663505a35434b51444b5051627568376a684c4e543779223b6164645f6e65775f70726f647563745f666c6173687c733a33323a2250616b6574206261727520626572686173696c20646974616d6261686b616e21223b5f5f63695f766172737c613a333a7b733a32313a226164645f6e65775f70726f647563745f666c617368223b733a333a226f6c64223b733a31383a22656469745f70726f647563745f666c617368223b733a333a226f6c64223b733a31313a226f726465725f666c617368223b733a333a226f6c64223b7d656469745f70726f647563745f666c6173687c733a32373a2250726f64756b20626572686173696c206469706572626172756921223b6f726465725f666c6173687c733a32363a2253746174757320626572686173696c2064697065726261727569223b),
('sm1nrpeqnqd6b8i17vgs8c9ohf6oi41b','::1',1740290027,0x5f5f63695f6c6173745f726567656e65726174657c693a313734303239303032373b7265646972656374696f6e7c4e3b5f5f4143544956455f53455353494f4e5f444154417c733a3235363a2237653763303838313739616439653735366532623935376234366332336632393333376233386265656663316666346534643566656166326565373862386233613463313138376530646631666262653737663337666139313230613836613761626261336564376434623664396362323335343730616236396136633533354c6243376a71335652453551346b546d4b78564e68775437392b78346965625842307a635a363533734a646733654e4e754d506b64614c48564a45576f776e4458464b704576424345515944776463775a5877754954443279447a4476526b496231457166736f74514663505a35434b51444b5051627568376a684c4e543779223b6164645f6e65775f70726f647563745f666c6173687c733a33323a2250616b6574206261727520626572686173696c20646974616d6261686b616e21223b5f5f63695f766172737c613a333a7b733a32313a226164645f6e65775f70726f647563745f666c617368223b733a333a226f6c64223b733a31383a22656469745f70726f647563745f666c617368223b733a333a226f6c64223b733a31313a226f726465725f666c617368223b733a333a226f6c64223b7d656469745f70726f647563745f666c6173687c733a32373a2250726f64756b20626572686173696c206469706572626172756921223b6f726465725f666c6173687c733a32363a2253746174757320626572686173696c2064697065726261727569223b),
('uleaf3lnraaifpnr0jb57dhs0l35icc7','::1',1740290766,0x5f5f63695f6c6173745f726567656e65726174657c693a313734303239303736363b7265646972656374696f6e7c4e3b),
('ddh848dekj80v25f3asd3jcfhn56efso','::1',1740290332,0x5f5f63695f6c6173745f726567656e65726174657c693a313734303239303333323b6164645f6e65775f70726f647563745f666c6173687c733a33323a2250616b6574206261727520626572686173696c20646974616d6261686b616e21223b5f5f63695f766172737c613a343a7b733a32313a226164645f6e65775f70726f647563745f666c617368223b733a333a226f6c64223b733a31383a22656469745f70726f647563745f666c617368223b733a333a226f6c64223b733a31313a226f726465725f666c617368223b733a333a226f6c64223b733a31313a226c6f67696e5f666c617368223b733a333a226f6c64223b7d656469745f70726f647563745f666c6173687c733a32373a2250726f64756b20626572686173696c206469706572626172756921223b6f726465725f666c6173687c733a32363a2253746174757320626572686173696c2064697065726261727569223b6c6f67696e5f666c6173687c733a31363a22426572686173696c206c6f676f757421223b7265646972656374696f6e7c4e3b5f5f4143544956455f53455353494f4e5f444154417c733a3235363a2262383363336135626632373930313363636664303233303430393265343337383864316439346636373332336339333537353863396561643038633439393130393338343338393231313065623964303661633534656539376331626466383661343138303162643064383139336638356261366438346362306439333564324a66527956314f67347542516661514244355056667962474f3665744b495650662f53354b727563465551364d50756744786e624d364c55384a363537784a7356746d52744834504d6f5a4d4d656e6f33714969553253534f424f434f6c3035466b6737347471594e715632547339716977326b45656e5132704c4e76333741223b),
('975v37vt1c1m5tloopjg9rkrg7qptlfh','::1',1740290634,0x5f5f63695f6c6173745f726567656e65726174657c693a313734303239303633343b6164645f6e65775f70726f647563745f666c6173687c733a33323a2250616b6574206261727520626572686173696c20646974616d6261686b616e21223b5f5f63695f766172737c613a343a7b733a32313a226164645f6e65775f70726f647563745f666c617368223b733a333a226f6c64223b733a31383a22656469745f70726f647563745f666c617368223b733a333a226f6c64223b733a31313a226f726465725f666c617368223b733a333a226f6c64223b733a31313a226c6f67696e5f666c617368223b733a333a226f6c64223b7d656469745f70726f647563745f666c6173687c733a32373a2250726f64756b20626572686173696c206469706572626172756921223b6f726465725f666c6173687c733a32363a2253746174757320626572686173696c2064697065726261727569223b6c6f67696e5f666c6173687c733a35303a22557365722064656e67616e20757365726e616d65203c623e616e67656c613c2f623e20746964616b20746572646166746172223b7265646972656374696f6e7c4e3b5f5f4143544956455f53455353494f4e5f444154417c733a3235363a223131393533653737343934663732333139656238613161356433343634626333613633323038343962633465363065373364313135313964316566346437663164643831366636643733376533393263656164323133633438636336666233396330396338373330613766323433393631343039386130346134656266636338732b7972445830444c6375326c624749356d7244767048373376382b545a624f6a6777554e2b4a7a555967766e76396d5870642f673337664f2b684e3634695178462b62545743487257323170714d71626a446a4d4e364f736b5567374338534f676c466630347061522f7674486179642f4842484f4344597666584b4e6c69223b),
('01n9phtamoqr6jvfpmsqchqpkvihumet','::1',1740290687,0x5f5f63695f6c6173745f726567656e65726174657c693a313734303239303633343b6164645f6e65775f70726f647563745f666c6173687c733a33323a2250616b6574206261727520626572686173696c20646974616d6261686b616e21223b5f5f63695f766172737c613a343a7b733a32313a226164645f6e65775f70726f647563745f666c617368223b733a333a226f6c64223b733a31383a22656469745f70726f647563745f666c617368223b733a333a226f6c64223b733a31313a226f726465725f666c617368223b733a333a226f6c64223b733a31313a226c6f67696e5f666c617368223b733a333a226f6c64223b7d656469745f70726f647563745f666c6173687c733a32373a2250726f64756b20626572686173696c206469706572626172756921223b6f726465725f666c6173687c733a32363a2253746174757320626572686173696c2064697065726261727569223b6c6f67696e5f666c6173687c733a35303a22557365722064656e67616e20757365726e616d65203c623e616e67656c613c2f623e20746964616b20746572646166746172223b7265646972656374696f6e7c4e3b5f5f4143544956455f53455353494f4e5f444154417c733a3235363a223131393533653737343934663732333139656238613161356433343634626333613633323038343962633465363065373364313135313964316566346437663164643831366636643733376533393263656164323133633438636336666233396330396338373330613766323433393631343039386130346134656266636338732b7972445830444c6375326c624749356d7244767048373376382b545a624f6a6777554e2b4a7a555967766e76396d5870642f673337664f2b684e3634695178462b62545743487257323170714d71626a446a4d4e364f736b5567374338534f676c466630347061522f7674486179642f4842484f4344597666584b4e6c69223b),
('8le9fg79k4uhq8hodv1gstgbfgddoed7','::1',1740290863,0x5f5f63695f6c6173745f726567656e65726174657c693a313734303239303731303b7265646972656374696f6e7c733a36383a226148523063446f764c327876593246736147397a6443397959585274615774314c326c755a4756344c6e426f634339685a4731706269396a64584e306232316c636e4d3d223b),
('ls3gincpcr6r1ri3r7mvmv6iuui08ffd','::1',1740294966,0x5f5f63695f6c6173745f726567656e65726174657c693a313734303239343936363b7265646972656374696f6e7c4e3b5f5f4143544956455f53455353494f4e5f444154417c733a3235363a226461366238306234383463316165373538613466663866636635323335356431373063386534386363623563313934666261643864666231343636356366393435353632656462376639333738616238366164653037363637623636323731313166633137646134646438643632316631323363616366363366373362353036696c684e59646f544e50595333396e50473162353873556a515336546a764a42467851424c5879782b784e46454b644631762b704154554b3677724b4a4676793735784b683838612f66445a67554358555a62484e564f6f447138785556506835354e6c566e4b526f35346e2b7365546f4369706d5a48484a724a355048674a223b),
('phbibpvinn0less6tjsbm562mn9ljipc','::1',1740291441,0x5f5f63695f6c6173745f726567656e65726174657c693a313734303239313434313b),
('te3apailgciqh9395b25dsp0q5bn57p3','::1',1740291758,0x5f5f63695f6c6173745f726567656e65726174657c693a313734303239313735383b),
('fmkc7obe2633ellp667i97shlfogketd','::1',1740292169,0x5f5f63695f6c6173745f726567656e65726174657c693a313734303239323136393b5f5f4143544956455f53455353494f4e5f444154417c733a3235363a2261353234383562663766616532303161643034643862323536336535663235376330626239313865336536633964363964353564643666633566366166623135333062333764386535346538353932383239373137363137383262666434323731383365633965353030396531336230613733333862313933323437653738387847522f3971445634716a504d46654f6a554243756853525a4a69435351387a5275346b552b6a42463032586e6c486953756f505433735047664c522b31754950686c6b6f397861524c4b6e544c5832656b6355387a747a422f4d37345878757a486b4568424a766f784a75727142424165534f484357384b52677175544c38223b73746f72655f666c6173687c733a32363a2250656e646166746172616e20616b756e20626572686173696c21223b5f5f63695f766172737c613a323a7b733a31313a2273746f72655f666c617368223b733a333a226f6c64223b733a373a2270726f66696c65223b733a333a226f6c64223b7d70726f66696c657c733a32373a2250726f66696c20626572686173696c206469706572626172756921223b),
('3r9iq3sas2vo9jrhda6tk17d74256152','::1',1740292611,0x5f5f63695f6c6173745f726567656e65726174657c693a313734303239323631313b5f5f4143544956455f53455353494f4e5f444154417c733a3235363a2261353234383562663766616532303161643034643862323536336535663235376330626239313865336536633964363964353564643666633566366166623135333062333764386535346538353932383239373137363137383262666434323731383365633965353030396531336230613733333862313933323437653738387847522f3971445634716a504d46654f6a554243756853525a4a69435351387a5275346b552b6a42463032586e6c486953756f505433735047664c522b31754950686c6b6f397861524c4b6e544c5832656b6355387a747a422f4d37345878757a486b4568424a766f784a75727142424165534f484357384b52677175544c38223b73746f72655f666c6173687c733a32363a2250656e646166746172616e20616b756e20626572686173696c21223b5f5f63695f766172737c613a333a7b733a31313a2273746f72655f666c617368223b733a333a226f6c64223b733a373a2270726f66696c65223b733a333a226f6c64223b733a31313a226f726465725f666c617368223b733a333a226f6c64223b7d70726f66696c657c733a32373a2250726f66696c20626572686173696c206469706572626172756921223b6f726465725f666c6173687c733a32363a224f7264657220626572686173696c20646974616d6261686b616e223b),
('rrrv3aok38p8ged82ich2h63k9net23n','::1',1740292939,0x5f5f63695f6c6173745f726567656e65726174657c693a313734303239323933393b73746f72655f666c6173687c733a32363a2250656e646166746172616e20616b756e20626572686173696c21223b5f5f63695f766172737c613a363a7b733a31313a2273746f72655f666c617368223b733a333a226f6c64223b733a373a2270726f66696c65223b733a333a226f6c64223b733a31313a226f726465725f666c617368223b733a333a226f6c64223b733a31333a227061796d656e745f666c617368223b733a333a226f6c64223b733a31323a227265766965775f666c617368223b733a333a226f6c64223b733a31313a226c6f67696e5f666c617368223b733a333a226f6c64223b7d70726f66696c657c733a32373a2250726f66696c20626572686173696c206469706572626172756921223b6f726465725f666c6173687c733a32363a2253746174757320626572686173696c2064697065726261727569223b7061796d656e745f666c6173687c733a33323a2250656d6261796172616e20626572686173696c2064696b6f6e6669726d617369223b7265766965775f666c6173687c733a32363a2252657669657720626572686173696c2064696b6972696d6b616e223b6c6f67696e5f666c6173687c733a31363a22426572686173696c206c6f676f757421223b7265646972656374696f6e7c4e3b5f5f4143544956455f53455353494f4e5f444154417c733a3235363a22333361333466633365643465366133633930386232663465346365633136633537613136313736633238663262616239663766356636346533363537646231336435316464643737393234376662353731336634303230616531613463316635626465326132303139323538303963633861633237623361353235373664613745554b417250394b6975384e4c46355a766e7363676d6a306a6843516144697a494f626e42304a304f325134654f37726e356b466c502b6676584f78617050755042664548534b3672486563556c3166497479624251504d7946536f7339365948787742715268346b4434746f2b546b666b56477955584c7a34793266623854223b),
('9v0e73icbebu7kl2lem7e83a1nvtqh8g','::1',1740293240,0x5f5f63695f6c6173745f726567656e65726174657c693a313734303239333234303b73746f72655f666c6173687c733a32363a2250656e646166746172616e20616b756e20626572686173696c21223b5f5f63695f766172737c613a363a7b733a31313a2273746f72655f666c617368223b733a333a226f6c64223b733a373a2270726f66696c65223b733a333a226f6c64223b733a31313a226f726465725f666c617368223b733a333a226f6c64223b733a31333a227061796d656e745f666c617368223b733a333a226f6c64223b733a31323a227265766965775f666c617368223b733a333a226f6c64223b733a31313a226c6f67696e5f666c617368223b733a333a226f6c64223b7d70726f66696c657c733a32373a2250726f66696c20626572686173696c206469706572626172756921223b6f726465725f666c6173687c733a32363a2253746174757320626572686173696c2064697065726261727569223b7061796d656e745f666c6173687c733a33323a2250656d6261796172616e20626572686173696c2064696b6f6e6669726d617369223b7265766965775f666c6173687c733a32363a2252657669657720626572686173696c2064696b6972696d6b616e223b6c6f67696e5f666c6173687c733a31363a22426572686173696c206c6f676f757421223b7265646972656374696f6e7c4e3b5f5f4143544956455f53455353494f4e5f444154417c733a3235363a223236666338373762343065373334663966666636373830306339383732363830313665333461633430643234636637636466316161386631333662636532353763306531663531393262336330643231643030633132366535626363346333353839343065396636336536393433633462643231616239613830363430663836465364576557794554746b6d62777836314e776d457043465847424f3034454d4d7a574e6868386c6264704645654b736d534e4b5a6b39333976433666334476305548385450705768344d79596a6662667056372b36504c7658714a6843594977564c6f33596c71532f77367276302f4b7a67352f684637363778454e596b6c223b),
('qbr48l0h8v8iiujbuhpnlu54el824814','::1',1740293542,0x5f5f63695f6c6173745f726567656e65726174657c693a313734303239333534323b73746f72655f666c6173687c733a32363a2250656e646166746172616e20616b756e20626572686173696c21223b5f5f63695f766172737c613a363a7b733a31313a2273746f72655f666c617368223b733a333a226f6c64223b733a373a2270726f66696c65223b733a333a226f6c64223b733a31313a226f726465725f666c617368223b733a333a226f6c64223b733a31333a227061796d656e745f666c617368223b733a333a226f6c64223b733a31323a227265766965775f666c617368223b733a333a226f6c64223b733a31313a226c6f67696e5f666c617368223b733a333a226f6c64223b7d70726f66696c657c733a32373a2250726f66696c20626572686173696c206469706572626172756921223b6f726465725f666c6173687c733a32363a2253746174757320626572686173696c2064697065726261727569223b7061796d656e745f666c6173687c733a33323a2250656d6261796172616e20626572686173696c2064696b6f6e6669726d617369223b7265766965775f666c6173687c733a32363a2252657669657720626572686173696c2064696b6972696d6b616e223b6c6f67696e5f666c6173687c733a31363a22426572686173696c206c6f676f757421223b7265646972656374696f6e7c4e3b5f5f4143544956455f53455353494f4e5f444154417c733a3235363a22353439363761633764393661323865303266346164303138343434343066376362326638343733363062626431333537383235376630333332303838313435613161636362356537656537326631353965323430373264333133323031626461633437316335343061613032316164393464376162306466626434363866613274536f467034734d35782f72444b67546d5a7745466a474e505337417357693242523553497977706a746e506e786a76302b58786b6b784b616e506e2b7164693830557872346d65334e7639736c617350513054427a31795a446b435753417350545374457179324178664d696e7976544f434a304b6e544857325151465646223b636172745f636f6e74656e74737c613a333a7b733a31303a22636172745f746f74616c223b643a38303030303b733a31313a22746f74616c5f6974656d73223b643a313b733a33323a223465373332636564333436336430366465306361396131356236313533363737223b613a373a7b733a323a226964223b733a323a223236223b733a333a22717479223b643a313b733a353a227072696365223b643a38303030303b733a343a226e616d65223b733a31313a225461732048616e64626167223b733a31303a2270656e676972696d616e223b4e3b733a353a22726f776964223b733a33323a223465373332636564333436336430366465306361396131356236313533363737223b733a383a22737562746f74616c223b643a38303030303b7d7d636f75706f6e5f69647c733a313a2235223b6f726465725f7175616e746974797c613a313a7b693a32363b613a323a7b733a333a22717479223b643a313b733a353a227072696365223b643a38303030303b7d7d746f74616c5f70726963657c643a38303030303b),
('10n0u7p1qrh65bt6m0906pr8qji12krq','::1',1740293907,0x5f5f63695f6c6173745f726567656e65726174657c693a313734303239333930373b73746f72655f666c6173687c733a32363a2250656e646166746172616e20616b756e20626572686173696c21223b5f5f63695f766172737c613a363a7b733a31313a2273746f72655f666c617368223b733a333a226f6c64223b733a373a2270726f66696c65223b733a333a226f6c64223b733a31313a226f726465725f666c617368223b733a333a226f6c64223b733a31333a227061796d656e745f666c617368223b733a333a226f6c64223b733a31323a227265766965775f666c617368223b733a333a226f6c64223b733a31313a226c6f67696e5f666c617368223b733a333a226f6c64223b7d70726f66696c657c733a32373a2250726f66696c20626572686173696c206469706572626172756921223b6f726465725f666c6173687c733a32363a2253746174757320626572686173696c2064697065726261727569223b7061796d656e745f666c6173687c733a33323a2250656d6261796172616e20626572686173696c2064696b6f6e6669726d617369223b7265766965775f666c6173687c733a32363a2252657669657720626572686173696c2064696b6972696d6b616e223b6c6f67696e5f666c6173687c733a31363a22426572686173696c206c6f676f757421223b7265646972656374696f6e7c4e3b5f5f4143544956455f53455353494f4e5f444154417c733a3235363a2264616630303263383030666564313066653232323335303039663135623261653834613966653736346465373635313262613361313562653161653961393663656230303536313662386663656236386238643036363963396464643566623531323763613637626532366564633834356236323861643064303963373035382b4d782b334b49535048475931564b6b532b5a31792f55494e423941324f614b64666145662b4f2b4d6b4664644d55576f4957744f396e763877643646384a744b76367051413970667a4779354d767234786349303233324e4131675468502b524e7a44635830486777447a635a5073316b6f4e495333664765304d656a5971223b),
('k4ejed1gbvksdriugp1s26fld5s3nlnh','::1',1740294213,0x5f5f63695f6c6173745f726567656e65726174657c693a313734303239343231333b73746f72655f666c6173687c733a32363a2250656e646166746172616e20616b756e20626572686173696c21223b5f5f63695f766172737c613a363a7b733a31313a2273746f72655f666c617368223b733a333a226f6c64223b733a373a2270726f66696c65223b733a333a226f6c64223b733a31313a226f726465725f666c617368223b733a333a226f6c64223b733a31333a227061796d656e745f666c617368223b733a333a226f6c64223b733a31323a227265766965775f666c617368223b733a333a226f6c64223b733a31313a226c6f67696e5f666c617368223b733a333a226f6c64223b7d70726f66696c657c733a32373a2250726f66696c20626572686173696c206469706572626172756921223b6f726465725f666c6173687c733a32363a224f7264657220626572686173696c20646974616d6261686b616e223b7061796d656e745f666c6173687c733a33323a2250656d6261796172616e20626572686173696c2064696b6f6e6669726d617369223b7265766965775f666c6173687c733a32363a2252657669657720626572686173696c2064696b6972696d6b616e223b6c6f67696e5f666c6173687c733a31363a22426572686173696c206c6f676f757421223b7265646972656374696f6e7c4e3b5f5f4143544956455f53455353494f4e5f444154417c733a3235363a226537323739636436303832363661663830333933323334633833626462666163303365316165313536656236653939316235383263376335333836366435316366383961613665633163656566323165623039633863666164636539356264653739356266386639343364316464353863303664626631613333316638396366584e75516f4c7770557a6242634843394b6c664c4b2f6948514274314e643236417836764758436e534b312f4b6c4a68666c42514e734274432f6149762f7334544c6b4431374e492b3375694e734a36513761425534314f4d4d32736f4161634e48597a6e45367766596c56742b4d54514571582b6c775041344d5436726233223b),
('ebosl1ianm1te0fpsrcj8dbh5b0de72r','::1',1740294562,0x5f5f63695f6c6173745f726567656e65726174657c693a313734303239343536323b73746f72655f666c6173687c733a32363a2250656e646166746172616e20616b756e20626572686173696c21223b5f5f63695f766172737c613a363a7b733a31313a2273746f72655f666c617368223b733a333a226f6c64223b733a373a2270726f66696c65223b733a333a226f6c64223b733a31313a226f726465725f666c617368223b733a333a226f6c64223b733a31333a227061796d656e745f666c617368223b733a333a226f6c64223b733a31323a227265766965775f666c617368223b733a333a226f6c64223b733a31313a226c6f67696e5f666c617368223b733a333a226f6c64223b7d70726f66696c657c733a32373a2250726f66696c20626572686173696c206469706572626172756921223b6f726465725f666c6173687c733a32363a2253746174757320626572686173696c2064697065726261727569223b7061796d656e745f666c6173687c733a33323a2250656d6261796172616e20626572686173696c2064696b6f6e6669726d617369223b7265766965775f666c6173687c733a32363a2252657669657720626572686173696c2064696b6972696d6b616e223b6c6f67696e5f666c6173687c733a31363a22426572686173696c206c6f676f757421223b7265646972656374696f6e7c4e3b636f75706f6e5f69647c733a313a2235223b6f726465725f7175616e746974797c613a303a7b7d746f74616c5f70726963657c643a2d31323030303b5f5f4143544956455f53455353494f4e5f444154417c733a3235363a2231303535373761386563373935376331663561396431336233356666623763356661666462373266303436376639363133633633626134376231613438303837383566316365633164326663386637613165343233663234373063386139363035343731343330333930373465626639663365636434323339336235653734617365315549736c527157324d554544433045357647534834624e465a5a4345734e636a656a533568567561735272494334716a6e49686a43584c626d324b613565385142394f32306c39596735376b573459302f4949666f32613342676f2f3939716b52587a36737965743376584832526f4c304562414c6452426538644834223b),
('l5k6qu0i6fudhvffkh5e8qvskq7iq6ap','::1',1740294703,0x5f5f63695f6c6173745f726567656e65726174657c693a313734303239343536323b73746f72655f666c6173687c733a32363a2250656e646166746172616e20616b756e20626572686173696c21223b5f5f63695f766172737c613a363a7b733a31313a2273746f72655f666c617368223b733a333a226f6c64223b733a373a2270726f66696c65223b733a333a226f6c64223b733a31313a226f726465725f666c617368223b733a333a226f6c64223b733a31333a227061796d656e745f666c617368223b733a333a226f6c64223b733a31323a227265766965775f666c617368223b733a333a226f6c64223b733a31313a226c6f67696e5f666c617368223b733a333a226f6c64223b7d70726f66696c657c733a32373a2250726f66696c20626572686173696c206469706572626172756921223b6f726465725f666c6173687c733a32363a2253746174757320626572686173696c2064697065726261727569223b7061796d656e745f666c6173687c733a33323a2250656d6261796172616e20626572686173696c2064696b6f6e6669726d617369223b7265766965775f666c6173687c733a32363a2252657669657720626572686173696c2064696b6972696d6b616e223b6c6f67696e5f666c6173687c733a31363a22426572686173696c206c6f676f757421223b7265646972656374696f6e7c4e3b636f75706f6e5f69647c733a313a2235223b6f726465725f7175616e746974797c613a303a7b7d746f74616c5f70726963657c643a2d31323030303b5f5f4143544956455f53455353494f4e5f444154417c733a3235363a2231303535373761386563373935376331663561396431336233356666623763356661666462373266303436376639363133633633626134376231613438303837383566316365633164326663386637613165343233663234373063386139363035343731343330333930373465626639663365636434323339336235653734617365315549736c527157324d554544433045357647534834624e465a5a4345734e636a656a533568567561735272494334716a6e49686a43584c626d324b613565385142394f32306c39596735376b573459302f4949666f32613342676f2f3939716b52587a36737965743376584832526f4c304562414c6452426538644834223b),
('jfrg5cf7lta9h4j1u8t5ocm5ke36jcnj','::1',1740295379,0x5f5f63695f6c6173745f726567656e65726174657c693a313734303239353337393b),
('1njeb2nnfubn1vkep7he9tjd70l859p4','::1',1740295365,0x5f5f63695f6c6173745f726567656e65726174657c693a313734303239353336353b7265646972656374696f6e7c4e3b73746f72655f666c6173687c733a32363a2250656e646166746172616e20616b756e20626572686173696c21223b5f5f63695f766172737c613a323a7b733a31313a2273746f72655f666c617368223b733a333a226f6c64223b733a31313a226c6f67696e5f666c617368223b733a333a226f6c64223b7d6c6f67696e5f666c6173687c733a31363a22426572686173696c206c6f676f757421223b5f5f4143544956455f53455353494f4e5f444154417c733a3235363a2237396132366530663663333361653139333931313962623763356134366534613565646163306433346532616236646330656366343932633262326530393632626233313964353664666336316633623130663262376636656334363331323164633834393438353439336137306536393366336335363561333661333638364c71726d6951707164776843734d6544574645492f734d2f70334366416841505a4b5633465154736a56425647617579574e79504272496a4b7a676c76625543466f4a5266715067626d426b7571585a474e463437366c56544c5538595a66672b45376b3846725633366c7761373755356c4d68776943517363354f44654742223b),
('mubbolieb84kh15oj73p7uhik4tefbfq','::1',1740297319,0x5f5f63695f6c6173745f726567656e65726174657c693a313734303239373331393b7265646972656374696f6e7c4e3b73746f72655f666c6173687c733a32363a2250656e646166746172616e20616b756e20626572686173696c21223b5f5f63695f766172737c613a323a7b733a31313a2273746f72655f666c617368223b733a333a226f6c64223b733a31313a226c6f67696e5f666c617368223b733a333a226f6c64223b7d6c6f67696e5f666c6173687c733a31363a22426572686173696c206c6f676f757421223b5f5f4143544956455f53455353494f4e5f444154417c733a3235363a22376664623937323037386338616132333337323261613030633835396335346164376238613235363063383665393763373530323538643964666161616638343434346664363433333663346563333232663562623935633039346166383366613035363161323765613031373030653834633934393333376530393539616352636d4b72524f3074626c596470384f652b6e32334c4939426f50337163724f2b4d56633258474c7a6c5643774f63495233794731346e51356a323964335653692f522b645a37317769336f563734594845634e2f34796b36762b356c573438634456523842362b6b69722b30355766726e4f764c4275436734797464513664223b),
('9s2j9n6rmmsocruhkhbu38icml7lqmll','::1',1740295684,0x5f5f63695f6c6173745f726567656e65726174657c693a313734303239353638343b7265646972656374696f6e7c4e3b5f5f4143544956455f53455353494f4e5f444154417c733a3235363a226464663265306434376233666663363564653563303534313430353932613562663535626339653032393239333439306239343630303430613737353134633431613439336637303063346365663562376234333739336464386539383337336135316635653866363366326137343263383566623333623762616531373933474852587058634549385158436d34476f666f424d4a465050616e617743635a4f4d5a4741533456614d52766b332b64485666597747647635685330386c49315a3078365a547a6454724e4d744563347a33654144356f4179546963482f3164505078546c636173576631625836585773366c782f634363695a61427157395a223b636172745f636f6e74656e74737c613a333a7b733a31303a22636172745f746f74616c223b643a39353030303b733a31313a22746f74616c5f6974656d73223b643a323b733a33323a223363353964633034386538383530323433626538303739613563373464303739223b613a373a7b733a323a226964223b733a323a223231223b733a333a22717479223b643a323b733a353a227072696365223b643a34373530303b733a343a226e616d65223b733a31363a22526f6b204a65616e732077616e697461223b733a31303a2270656e676972696d616e223b4e3b733a353a22726f776964223b733a33323a223363353964633034386538383530323433626538303739613563373464303739223b733a383a22737562746f74616c223b643a39353030303b7d7d6f726465725f7175616e746974797c613a313a7b693a32313b613a323a7b733a333a22717479223b643a323b733a353a227072696365223b643a34373530303b7d7d746f74616c5f70726963657c643a39353030303b636f75706f6e5f69647c733a313a2234223b),
('k2tq86evubotq0hsokcdbfui4u4t3b9r','::1',1740295992,0x5f5f63695f6c6173745f726567656e65726174657c693a313734303239353939323b7265646972656374696f6e7c4e3b5f5f4143544956455f53455353494f4e5f444154417c733a3235363a226464663265306434376233666663363564653563303534313430353932613562663535626339653032393239333439306239343630303430613737353134633431613439336637303063346365663562376234333739336464386539383337336135316635653866363366326137343263383566623333623762616531373933474852587058634549385158436d34476f666f424d4a465050616e617743635a4f4d5a4741533456614d52766b332b64485666597747647635685330386c49315a3078365a547a6454724e4d744563347a33654144356f4179546963482f3164505078546c636173576631625836585773366c782f634363695a61427157395a223b636172745f636f6e74656e74737c613a333a7b733a31303a22636172745f746f74616c223b643a34373530303b733a31313a22746f74616c5f6974656d73223b643a313b733a33323a223363353964633034386538383530323433626538303739613563373464303739223b613a373a7b733a323a226964223b733a323a223231223b733a333a22717479223b643a313b733a353a227072696365223b643a34373530303b733a343a226e616d65223b733a31363a22526f6b204a65616e732077616e697461223b733a31303a2270656e676972696d616e223b4e3b733a353a22726f776964223b733a33323a223363353964633034386538383530323433626538303739613563373464303739223b733a383a22737562746f74616c223b643a34373530303b7d7d6f726465725f7175616e746974797c613a313a7b693a32313b613a323a7b733a333a22717479223b643a313b733a353a227072696365223b643a34373530303b7d7d746f74616c5f70726963657c643a34373530303b636f75706f6e5f69647c733a313a2234223b),
('e1ic0d1fd8ddb18l8be79e691o31kifg','::1',1740296374,0x5f5f63695f6c6173745f726567656e65726174657c693a313734303239363337343b7265646972656374696f6e7c4e3b5f5f4143544956455f53455353494f4e5f444154417c733a3235363a226464663265306434376233666663363564653563303534313430353932613562663535626339653032393239333439306239343630303430613737353134633431613439336637303063346365663562376234333739336464386539383337336135316635653866363366326137343263383566623333623762616531373933474852587058634549385158436d34476f666f424d4a465050616e617743635a4f4d5a4741533456614d52766b332b64485666597747647635685330386c49315a3078365a547a6454724e4d744563347a33654144356f4179546963482f3164505078546c636173576631625836585773366c782f634363695a61427157395a223b6f726465725f666c6173687c733a32363a224f7264657220626572686173696c20646974616d6261686b616e223b5f5f63695f766172737c613a313a7b733a31313a226f726465725f666c617368223b733a333a226f6c64223b7d636172745f636f6e74656e74737c613a333a7b733a31303a22636172745f746f74616c223b643a3235383030303b733a31313a22746f74616c5f6974656d73223b643a333b733a33323a223865323936613036376133373536333337306465643035663561336266336563223b613a373a7b733a323a226964223b733a323a223235223b733a333a22717479223b643a333b733a353a227072696365223b643a38363030303b733a343a226e616d65223b733a31373a22546173206a696e6a696e67206b756c6974223b733a31303a2270656e676972696d616e223b4e3b733a353a22726f776964223b733a33323a223865323936613036376133373536333337306465643035663561336266336563223b733a383a22737562746f74616c223b643a3235383030303b7d7d636f75706f6e5f69647c733a313a2234223b6f726465725f7175616e746974797c613a313a7b693a32353b613a323a7b733a333a22717479223b643a333b733a353a227072696365223b643a38363030303b7d7d746f74616c5f70726963657c643a3235383030303b),
('3qme1dcg89tqbpc2rgeu5v3oq8ivi2l2','::1',1740296743,0x5f5f63695f6c6173745f726567656e65726174657c693a313734303239363734333b7265646972656374696f6e7c4e3b5f5f4143544956455f53455353494f4e5f444154417c733a3235363a226464663265306434376233666663363564653563303534313430353932613562663535626339653032393239333439306239343630303430613737353134633431613439336637303063346365663562376234333739336464386539383337336135316635653866363366326137343263383566623333623762616531373933474852587058634549385158436d34476f666f424d4a465050616e617743635a4f4d5a4741533456614d52766b332b64485666597747647635685330386c49315a3078365a547a6454724e4d744563347a33654144356f4179546963482f3164505078546c636173576631625836585773366c782f634363695a61427157395a223b6f726465725f666c6173687c733a32363a224f7264657220626572686173696c20646974616d6261686b616e223b5f5f63695f766172737c613a313a7b733a31313a226f726465725f666c617368223b733a333a226f6c64223b7d636172745f636f6e74656e74737c613a333a7b733a31303a22636172745f746f74616c223b643a3235383030303b733a31313a22746f74616c5f6974656d73223b643a333b733a33323a223865323936613036376133373536333337306465643035663561336266336563223b613a373a7b733a323a226964223b733a323a223235223b733a333a22717479223b643a333b733a353a227072696365223b643a38363030303b733a343a226e616d65223b733a31373a22546173206a696e6a696e67206b756c6974223b733a31303a2270656e676972696d616e223b4e3b733a353a22726f776964223b733a33323a223865323936613036376133373536333337306465643035663561336266336563223b733a383a22737562746f74616c223b643a3235383030303b7d7d636f75706f6e5f69647c733a313a2234223b6f726465725f7175616e746974797c613a313a7b693a32353b613a323a7b733a333a22717479223b643a333b733a353a227072696365223b643a38363030303b7d7d746f74616c5f70726963657c643a3235383030303b),
('i1ie01r3oa3kbhapf6jqg9vpb8ig0s5q','::1',1740297074,0x5f5f63695f6c6173745f726567656e65726174657c693a313734303239373037343b7265646972656374696f6e7c4e3b5f5f4143544956455f53455353494f4e5f444154417c733a3235363a226464663265306434376233666663363564653563303534313430353932613562663535626339653032393239333439306239343630303430613737353134633431613439336637303063346365663562376234333739336464386539383337336135316635653866363366326137343263383566623333623762616531373933474852587058634549385158436d34476f666f424d4a465050616e617743635a4f4d5a4741533456614d52766b332b64485666597747647635685330386c49315a3078365a547a6454724e4d744563347a33654144356f4179546963482f3164505078546c636173576631625836585773366c782f634363695a61427157395a223b6f726465725f666c6173687c733a32363a224f7264657220626572686173696c20646974616d6261686b616e223b5f5f63695f766172737c613a313a7b733a31313a226f726465725f666c617368223b733a333a226f6c64223b7d636172745f636f6e74656e74737c613a333a7b733a31303a22636172745f746f74616c223b643a3235383030303b733a31313a22746f74616c5f6974656d73223b643a333b733a33323a223865323936613036376133373536333337306465643035663561336266336563223b613a373a7b733a323a226964223b733a323a223235223b733a333a22717479223b643a333b733a353a227072696365223b643a38363030303b733a343a226e616d65223b733a31373a22546173206a696e6a696e67206b756c6974223b733a31303a2270656e676972696d616e223b4e3b733a353a22726f776964223b733a33323a223865323936613036376133373536333337306465643035663561336266336563223b733a383a22737562746f74616c223b643a3235383030303b7d7d636f75706f6e5f69647c733a313a2234223b6f726465725f7175616e746974797c613a313a7b693a32353b613a323a7b733a333a22717479223b643a333b733a353a227072696365223b643a38363030303b7d7d746f74616c5f70726963657c643a3135383030303b),
('cj3sionfl2842afn8q5ab34o9bj008uq','::1',1740297575,0x5f5f63695f6c6173745f726567656e65726174657c693a313734303239373537353b7265646972656374696f6e7c4e3b5f5f4143544956455f53455353494f4e5f444154417c733a3235363a226464663265306434376233666663363564653563303534313430353932613562663535626339653032393239333439306239343630303430613737353134633431613439336637303063346365663562376234333739336464386539383337336135316635653866363366326137343263383566623333623762616531373933474852587058634549385158436d34476f666f424d4a465050616e617743635a4f4d5a4741533456614d52766b332b64485666597747647635685330386c49315a3078365a547a6454724e4d744563347a33654144356f4179546963482f3164505078546c636173576631625836585773366c782f634363695a61427157395a223b6f726465725f666c6173687c733a32363a224f7264657220626572686173696c20646974616d6261686b616e223b5f5f63695f766172737c613a323a7b733a31313a226f726465725f666c617368223b733a333a226f6c64223b733a31333a227061796d656e745f666c617368223b733a333a226f6c64223b7d7061796d656e745f666c6173687c733a37393a224b6f6e6669726d61736920626572686173696c2064696c616b756b616e2e2041646d696e20616b616e206d656d7665726966696b6173696e79612064616c616d2077616b74752031783234206a616d223b),
('ofe0ddui85ck0gsbdgs520rf0eg15c4u','::1',1740297608,0x5f5f63695f6c6173745f726567656e65726174657c693a313734303239373331393b7265646972656374696f6e7c4e3b73746f72655f666c6173687c733a32363a2250656e646166746172616e20616b756e20626572686173696c21223b5f5f63695f766172737c613a323a7b733a31313a2273746f72655f666c617368223b733a333a226f6c64223b733a31313a226c6f67696e5f666c617368223b733a333a226f6c64223b7d6c6f67696e5f666c6173687c733a31363a22426572686173696c206c6f676f757421223b5f5f4143544956455f53455353494f4e5f444154417c733a3235363a22376664623937323037386338616132333337323261613030633835396335346164376238613235363063383665393763373530323538643964666161616638343434346664363433333663346563333232663562623935633039346166383366613035363161323765613031373030653834633934393333376530393539616352636d4b72524f3074626c596470384f652b6e32334c4939426f50337163724f2b4d56633258474c7a6c5643774f63495233794731346e51356a323964335653692f522b645a37317769336f563734594845634e2f34796b36762b356c573438634456523842362b6b69722b30355766726e4f764c4275436734797464513664223b),
('gn1rjrvnj4fiuierkk3636l1sch2e3d6','::1',1740297737,0x5f5f63695f6c6173745f726567656e65726174657c693a313734303239373537353b7265646972656374696f6e7c4e3b5f5f4143544956455f53455353494f4e5f444154417c733a3235363a226464663265306434376233666663363564653563303534313430353932613562663535626339653032393239333439306239343630303430613737353134633431613439336637303063346365663562376234333739336464386539383337336135316635653866363366326137343263383566623333623762616531373933474852587058634549385158436d34476f666f424d4a465050616e617743635a4f4d5a4741533456614d52766b332b64485666597747647635685330386c49315a3078365a547a6454724e4d744563347a33654144356f4179546963482f3164505078546c636173576631625836585773366c782f634363695a61427157395a223b6f726465725f666c6173687c733a32363a224f7264657220626572686173696c20646974616d6261686b616e223b5f5f63695f766172737c613a323a7b733a31313a226f726465725f666c617368223b733a333a226f6c64223b733a31333a227061796d656e745f666c617368223b733a333a226f6c64223b7d7061796d656e745f666c6173687c733a37393a224b6f6e6669726d61736920626572686173696c2064696c616b756b616e2e2041646d696e20616b616e206d656d7665726966696b6173696e79612064616c616d2077616b74752031783234206a616d223b);

UNLOCK TABLES;

/*Table structure for table `contacts` */

DROP TABLE IF EXISTS `contacts`;

CREATE TABLE `contacts` (
  `id` int(10) NOT NULL AUTO_INCREMENT,
  `parent_id` int(10) DEFAULT NULL,
  `name` varchar(32) NOT NULL,
  `subject` varchar(128) DEFAULT NULL,
  `email` varchar(64) NOT NULL,
  `message` mediumtext NOT NULL,
  `contact_date` datetime DEFAULT NULL,
  `status` tinyint(1) DEFAULT 1,
  `reply_at` datetime DEFAULT NULL,
  PRIMARY KEY (`id`),
  KEY `FK_contacts_contacts` (`parent_id`),
  CONSTRAINT `FK_contacts_contacts` FOREIGN KEY (`parent_id`) REFERENCES `contacts` (`id`) ON DELETE CASCADE ON UPDATE NO ACTION
) ENGINE=InnoDB AUTO_INCREMENT=5 DEFAULT CHARSET=utf8mb4 COLLATE=utf8mb4_general_ci;

/*Data for the table `contacts` */

LOCK TABLES `contacts` WRITE;

insert  into `contacts`(`id`,`parent_id`,`name`,`subject`,`email`,`message`,`contact_date`,`status`,`reply_at`) values 
(1,NULL,'Agung Tri Saputra','Pengiriman kok lama?','martinms.za@gmail.com','pengiriman pesanan saya kok lama ya','2020-03-29 07:40:13',2,NULL),
(3,NULL,'boneka pink','penyemangat','raulandriansyah0404@gmail.com','semngat yayy','2024-12-15 17:18:43',2,NULL),
(4,NULL,'raulandrsyh','kepuasan','raul@gmail.com','sangat ramai pengunjung dan pelayanan terbaik','2025-02-04 19:16:28',2,NULL);

UNLOCK TABLES;

/*Table structure for table `coupons` */

DROP TABLE IF EXISTS `coupons`;

CREATE TABLE `coupons` (
  `id` bigint(20) NOT NULL AUTO_INCREMENT,
  `name` varchar(191) NOT NULL,
  `code` varchar(32) NOT NULL,
  `credit` decimal(8,2) NOT NULL,
  `start_date` date NOT NULL,
  `expired_date` date NOT NULL,
  `is_active` tinyint(4) DEFAULT 1,
  PRIMARY KEY (`id`)
) ENGINE=InnoDB AUTO_INCREMENT=6 DEFAULT CHARSET=utf8mb4 COLLATE=utf8mb4_general_ci;

/*Data for the table `coupons` */

LOCK TABLES `coupons` WRITE;

insert  into `coupons`(`id`,`name`,`code`,`credit`,`start_date`,`expired_date`,`is_active`) values 
(4,'PROMO2121','PROMOBELI1GRATIS1',100000.00,'2025-02-01','2025-03-08',1),
(5,'RATMIKU','PASTIMURAH',12000.00,'2025-02-23','2025-04-23',1);

UNLOCK TABLES;

/*Table structure for table `customers` */

DROP TABLE IF EXISTS `customers`;

CREATE TABLE `customers` (
  `id` bigint(20) NOT NULL AUTO_INCREMENT,
  `user_id` bigint(20) unsigned DEFAULT NULL,
  `name` varchar(191) NOT NULL,
  `phone_number` varchar(32) DEFAULT NULL,
  `address` varchar(191) NOT NULL,
  `profile_picture` varchar(191) DEFAULT NULL,
  PRIMARY KEY (`id`),
  KEY `FK_customers_users` (`user_id`),
  CONSTRAINT `FK_customers_users` FOREIGN KEY (`user_id`) REFERENCES `users` (`id`) ON DELETE CASCADE ON UPDATE CASCADE
) ENGINE=InnoDB AUTO_INCREMENT=29 DEFAULT CHARSET=utf8mb4 COLLATE=utf8mb4_general_ci;

/*Data for the table `customers` */

LOCK TABLES `customers` WRITE;

insert  into `customers`(`id`,`user_id`,`name`,`phone_number`,`address`,`profile_picture`) values 
(24,27,'Raul Andriansyah','089630068428','Jalan Urip Sumoharjo, Gunung Sulah No.53','pngtree-avatar-icon.jpg'),
(25,28,'Rossa firli','082292922229','Bandar Lampung','icon-image.png'),
(26,29,'Jovanca Edrea','08955234123','Jalan Benda No.32, Kedamaian','8847419.png'),
(27,30,'agus','08229292229','ss',NULL),
(28,31,'dedi','082293973319','bandung',NULL);

UNLOCK TABLES;

/*Table structure for table `order_item` */

DROP TABLE IF EXISTS `order_item`;

CREATE TABLE `order_item` (
  `id` bigint(20) NOT NULL AUTO_INCREMENT,
  `order_id` bigint(20) DEFAULT NULL,
  `product_id` bigint(20) DEFAULT NULL,
  `order_qty` int(10) NOT NULL,
  `order_price` decimal(10,2) DEFAULT NULL,
  `pengiriman` varchar(60) DEFAULT NULL,
  PRIMARY KEY (`id`),
  KEY `order_id` (`order_id`),
  KEY `product_id` (`product_id`),
  CONSTRAINT `order_item_ibfk_1` FOREIGN KEY (`product_id`) REFERENCES `packages` (`id`)
) ENGINE=InnoDB AUTO_INCREMENT=87 DEFAULT CHARSET=utf8mb4 COLLATE=utf8mb4_general_ci;

/*Data for the table `order_item` */

LOCK TABLES `order_item` WRITE;

insert  into `order_item`(`id`,`order_id`,`product_id`,`order_qty`,`order_price`,`pengiriman`) values 
(24,22,19,1,1200000.00,NULL),
(25,23,19,1,1200000.00,NULL),
(26,24,19,1,1200000.00,NULL),
(27,25,19,1,1200000.00,NULL),
(28,26,19,1,1200000.00,NULL),
(29,27,19,1,1200000.00,NULL),
(30,28,19,1,1200000.00,NULL),
(31,29,19,1,1200000.00,NULL),
(32,30,19,1,1200000.00,NULL),
(33,31,19,2,1200000.00,NULL),
(34,32,19,1,1200000.00,NULL),
(35,33,25,1,50000.00,NULL),
(36,34,19,3,40000.00,NULL),
(37,35,23,1,20000.00,NULL),
(38,36,19,1,120000.00,NULL),
(39,39,22,1,60000.00,NULL),
(40,44,22,1,60000.00,NULL),
(41,45,30,1,45000.00,NULL),
(42,46,27,1,35000.00,NULL),
(44,48,22,1,60000.00,NULL),
(45,49,19,1,120000.00,NULL),
(46,50,26,1,40000.00,NULL),
(47,50,22,12,37500.00,NULL),
(48,51,43,1,80000.00,NULL),
(49,51,26,10,40000.00,NULL),
(50,52,26,2,40000.00,NULL),
(51,53,26,3,40000.00,NULL),
(52,54,21,5,42500.00,NULL),
(53,55,26,1,40000.00,NULL),
(54,55,27,1,35000.00,NULL),
(55,56,19,1,60000.00,NULL),
(56,57,26,2,40000.00,NULL),
(57,58,21,3,42500.00,NULL),
(58,58,22,1,37500.00,NULL),
(59,59,21,1,42500.00,NULL),
(60,60,21,1,42500.00,NULL),
(61,61,21,1,42500.00,NULL),
(62,62,21,2,42500.00,NULL),
(63,63,19,1,60000.00,NULL),
(64,64,19,18,60000.00,NULL),
(65,66,21,1,47500.00,NULL),
(66,66,26,1,40000.00,NULL),
(67,67,21,1,47500.00,NULL),
(68,68,21,1,47500.00,NULL),
(69,69,19,1,60000.00,NULL),
(70,70,19,1,60000.00,NULL),
(71,71,19,1,60000.00,NULL),
(76,74,26,1,40000.00,NULL),
(77,77,21,1,47500.00,'15'),
(78,77,22,1,37500.00,'15'),
(79,78,26,1,40000.00,'4-5 hari'),
(80,79,21,1,47500.00,'6-7 hari'),
(81,79,41,3,87000.00,'6-7 hari'),
(82,80,41,1,87000.00,'1-2 hari'),
(83,81,26,1,80000.00,'1-2 hari'),
(84,82,39,1,40000.00,'1-2 hari'),
(85,83,21,1,47500.00,'15-21 hari'),
(86,84,25,3,86000.00,'1-2 hari');

UNLOCK TABLES;

/*Table structure for table `orders` */

DROP TABLE IF EXISTS `orders`;

CREATE TABLE `orders` (
  `id` bigint(20) NOT NULL AUTO_INCREMENT,
  `user_id` bigint(20) unsigned DEFAULT NULL,
  `coupon_id` bigint(20) DEFAULT NULL,
  `order_number` varchar(16) NOT NULL,
  `order_status` enum('1','2','3','4','5') DEFAULT '1',
  `order_date` datetime NOT NULL,
  `total_price` decimal(10,2) DEFAULT NULL,
  `total_items` int(10) DEFAULT NULL,
  `payment_method` int(11) DEFAULT 1,
  `delivery_data` text DEFAULT NULL,
  `delivered_date` datetime DEFAULT NULL,
  `finish_date` datetime DEFAULT NULL,
  PRIMARY KEY (`id`),
  KEY `FK_orders_users` (`user_id`),
  KEY `FK_orders_coupons` (`coupon_id`),
  CONSTRAINT `FK_orders_coupons` FOREIGN KEY (`coupon_id`) REFERENCES `coupons` (`id`) ON DELETE CASCADE ON UPDATE CASCADE,
  CONSTRAINT `FK_orders_users` FOREIGN KEY (`user_id`) REFERENCES `users` (`id`) ON DELETE CASCADE ON UPDATE CASCADE
) ENGINE=InnoDB AUTO_INCREMENT=85 DEFAULT CHARSET=utf8mb4 COLLATE=utf8mb4_general_ci;

/*Data for the table `orders` */

LOCK TABLES `orders` WRITE;

insert  into `orders`(`id`,`user_id`,`coupon_id`,`order_number`,`order_status`,`order_date`,`total_price`,`total_items`,`payment_method`,`delivery_data`,`delivered_date`,`finish_date`) values 
(80,27,NULL,'OUU23225127409','4','2025-02-23 07:32:37',95000.00,1,1,'{\"customer\":{\"name\":\"Raul Andriansyah\",\"phone_number\":\"089630068428\",\"address\":\"Jalan Urip Sumoharjo, Gunung Sulah No.53\",\"province\":\"Lampung\",\"city\":\"Bandar Lampung\",\"courier\":\"jne\"},\"note\":\"saya tunggu pengiriman nya kak segera.\"}',NULL,NULL),
(81,28,5,'MPF232251285415','4','2025-02-23 07:53:56',88000.00,1,2,'{\"customer\":{\"name\":\"Rossa firli\",\"phone_number\":\"082292922229\",\"address\":\"jalan pulau sebesai No.52 Sukarame\",\"province\":\"Lampung\",\"city\":\"Bandar Lampung\",\"courier\":\"jne\"},\"note\":\"\"}',NULL,NULL),
(82,29,5,'QKB232251295756','4','2025-02-23 08:02:50',48000.00,1,1,'{\"customer\":{\"name\":\"Jovanca Edrea\",\"phone_number\":\"08955234123\",\"address\":\"Jalan Benda No.32, Kedamaian\",\"province\":\"Lampung\",\"city\":\"Bandar Lampung\",\"courier\":\"jne\"},\"note\":\"\"}',NULL,NULL),
(83,31,4,'GQU232251314689','1','2025-02-23 08:33:12',262500.00,1,1,'{\"customer\":{\"name\":\"dedi\",\"phone_number\":\"082293973319\",\"address\":\"bandung\",\"province\":\"Kalimantan Barat\",\"city\":\"Singkawang\",\"courier\":\"jne\"},\"note\":\"\"}',NULL,NULL),
(84,31,4,'QUM232251314902','2','2025-02-23 08:53:33',166000.00,1,1,'{\"customer\":{\"name\":\"dedi\",\"phone_number\":\"082293973319\",\"address\":\"bandung\",\"province\":\"Lampung\",\"city\":\"Bandar Lampung\",\"courier\":\"jne\"},\"note\":\"\"}',NULL,NULL);

UNLOCK TABLES;

/*Table structure for table `packages` */

DROP TABLE IF EXISTS `packages`;

CREATE TABLE `packages` (
  `id` bigint(20) NOT NULL AUTO_INCREMENT,
  `category_id` int(10) DEFAULT NULL,
  `sku` varchar(32) DEFAULT NULL,
  `name` varchar(191) NOT NULL,
  `description` varchar(300) DEFAULT NULL,
  `picture_name` varchar(191) DEFAULT NULL,
  `price` decimal(10,2) NOT NULL,
  `current_discount` decimal(8,2) DEFAULT 0.00,
  `stock` int(10) NOT NULL,
  `product_unit` varchar(32) DEFAULT NULL,
  `is_available` tinyint(1) DEFAULT 1,
  `add_date` datetime DEFAULT NULL,
  `date_tour` varchar(50) NOT NULL,
  PRIMARY KEY (`id`),
  KEY `FK_products_product_category` (`category_id`)
) ENGINE=InnoDB AUTO_INCREMENT=132 DEFAULT CHARSET=utf8mb4 COLLATE=utf8mb4_general_ci;

/*Data for the table `packages` */

LOCK TABLES `packages` WRITE;

insert  into `packages`(`id`,`category_id`,`sku`,`name`,`description`,`picture_name`,`price`,`current_discount`,`stock`,`product_unit`,`is_available`,`add_date`,`date_tour`) values 
(19,9,'PLTLPE1100281','Blue swater cable','clara cable,\r\nUkuran All Size\r\nPanjang baju 51cm & panjang lengan 53cm, bahan melar\r\nTampil stylish dan percaya diri dengan koleksi baju wanita terbaru kami! Terbuat dari bahan berkualitas tinggi yang nyaman dipakai seharian, dengan desain modern yang cocok untuk berbagai acara.','113.png',90000.00,45000.00,60,'Clara cable',1,'2023-11-13 02:51:21','2025-03-28'),
(21,9,'PLTBPE1100726','Rok Jeans wanita','Rok Jeans Basic Korean\r\nBahan material denim, warna biru retro,\r\nukuran rok (M) Lingkar pingang (70cm), Panjangn (79cm)\r\nCocok untuk berbagai aktivitas, baik santai maupun formal.\r\n','kategori_Fashion.png',95000.00,47500.00,84,'rok Jeans',1,'2024-01-13 12:18:46','2025-02-28'),
(22,9,'PLTBPE1100839','Rok Jeans highwaist','Rok jeans highwaist\r\nbahan premium tebal tidak melar,\r\nwarna navy, ukuran (L) Lingkar Pingang 72cm, panjang 80cm,\r\ngaya korean modis, berkualitas, nyaman digunakan cocook untuk main\r\n\r\n','4.png',85000.00,42500.00,85,'Rok Jeans',1,'2024-01-13 12:20:39','2025-01-22'),
(23,9,'PLTBPI2100960','blus lengan panjang','blus lengan panjang garis-garis,\r\nbahan katun, ukuran (M) Panjang 55cm Lengan 69cm\r\ncocok dipakai untuk pekerja kantoran dan kuliah.','13.png',70000.00,35000.00,85,'Kemeja ',1,'2024-01-13 12:22:39','2025-03-09'),
(25,17,'BPB510268','Tas jinjing kulit','Warna Black, Dark Brown, Light Brown,\r\nBahan: PU Leather\r\nUkuran: 32x11x25 cm ( PxLxT )\r\ncocok untuk dipakai bekerja kantoran acara formal dan non formal','21.png',86000.00,0.00,47,'Tas',1,'2024-12-13 11:37:48','2025-02-13'),
(26,17,'BPB415339','Tas Handbag','Tas handbag Premium Wanita,\r\nBahan : Premium Kulit Sintesis, \r\nUkuran: P34cm x L14cm x T26cm, \r\ncocok digunakan untuk pekerja kantoran, kuliah dan acara lainya.','3.png',80000.00,0.00,49,'Tas',1,'2025-01-07 18:52:19','2025-01-08'),
(27,17,'BB7100301','Tas totebag nadiva','navida korean style\r\nwarna coklat memiliki tipe pengencang resleting dengan model elegan casual yang sangat cocok untukmu. Ukuran tas ini adalah 23x36 cm sehingga menjadikan tas ini multifungsi','41.png',60000.00,0.00,50,'totebag',1,'2025-01-07 19:41:41','2025-01-22'),
(28,17,'TTAT625486','Tas Totebag anavlyn','Tas Totebag wanita tas kerja,\r\nwarna cream \r\ndimensi (P 40 x T 25 L 15 Cm)\r\nberkualitas cocok digunakan untuk bekerja, kuliah, main dan acaranya lainya\r\n','10.png',65000.00,0.00,50,'Tas',1,'2025-01-15 11:38:06','2025-01-15'),
(29,15,'SPSW630635','sandal teplek pita','flat sol antiselip warna merah marun\r\nsize 37 - 23cm\r\nDidesain dengan sol yang fleksibel serta ringan, menjadikannya pilihan yang ideal untuk aktivitas sehari-hari','11.png',35000.00,0.00,30,'sandal',1,'2025-01-22 04:47:15','2025-01-22'),
(30,15,'SWSW630037','sandal flat wanita','sandal flat wanita\r\nwarna abu mengkilap (size 37 - 24cm)\r\nSandal ini terbuat dari bahan berkualitas tinggi dengan desain ringan dan fleksibel. Cocok untuk penggunaan sehari-hari, baik di dalam maupun luar ruangan.','131.png',50000.00,0.00,30,'sandal',1,'2025-01-22 04:53:57','2025-01-22'),
(31,15,'SKHSW925405','sepatu flatslip','sepatu flatslip\r\nwarna hitam pekat \r\n(size size 37-23cm)\r\nCocok untuk penggunaan sehari-hari, baik di dalam maupun luar ruangan. Dengan fitur anti-slip dan sol empuk, kaki tetap nyaman','101.png',50000.00,0.00,30,'sandal',1,'2025-01-22 05:00:05','2025-01-22'),
(32,15,'HWSW618639','heels pita wanita','hak kekinian mode baru\r\nwarna cream\r\n(size 38 -24cm)\r\nCocok untuk penggunaan sehari-hari, baik di dalam maupun luar ruangan. Dengan fitur anti-slip dan sol empuk, kaki tetap nyaman.','12.png',50000.00,0.00,30,'sandal',1,'2025-01-22 05:03:59','2025-01-22'),
(33,18,'DBD415281','dompet ballery','dompet ballery\r\nwarna dark pink,\r\nMemiliki banyak slot kartu, ruang untuk uang kertas, serta kompartemen khusus untuk koin. Cocok untuk pria maupun wanita yang mengutamakan gaya dan kenyamanan.\r\n','111.png',48000.00,0.00,30,'dompet',1,'2025-01-22 05:14:41','2025-01-22'),
(34,18,'DSPD522476','dompet lipat','dompet lipat,\r\nbahan kulit warna coklat,\r\nDompet ini dibuat dari bahan berkualitas dengan desain simpel dan modern. Dilengkapi banyak slot kartu dan ruang penyimpanan yang luas, menjadikannya pilihan ideal untuk penggunaan sehari-hari.','121.png',30000.00,0.00,30,'dompet',1,'2025-01-22 05:17:56','2025-01-22'),
(35,18,'DLD515703','dompet lipat','dompet lipat \r\nwarna hitam,\r\nSuka bingung cari kartu atau uang di dompet lama yang berantakan? Tenang, dompet ini solusinya! Dengan banyak slot kartu, ruang luas, dan bahan premium, dijamin dompetmu gak akan bikin ribet lagi!','14.png',50000.00,0.00,30,'dompet',1,'2025-01-22 05:21:43','2025-01-22'),
(36,18,'DLMD124929','dompet lipat lucu','dompet lipat lucu\r\nwarna biru muda,\r\nButuh dompet yang lucu, awet, dan muat banyak kartu? Ini dia solusinya! Dompet ini hadir dengan desain elegan, bahan berkualitas, dan kompartemen luas. Cocok buat yang suka tampil rapi & praktis!','132.png',25000.00,0.00,25,'dompet',1,'2025-01-22 05:25:29','2025-01-22'),
(37,10,'BKKB540193','Boneka kelinci','boneka kelinci canti lucu\r\nwarna kuning, Boneka ini dibuat dari bahan lembut berkualitas tinggi yang nyaman dipeluk. Dengan desain karakter yang lucu dan detail jahitan yang rapi, boneka ini cocok untuk hadiah, koleksi, atau teman tidur si kecil','1.png',50000.00,0.00,30,'boneka',1,'2025-01-22 05:29:53','2025-01-22'),
(38,10,'BKPB530324','Boneka kelinci','boneka kelinci lucu warna putih,\r\nCari boneka yang super empuk dan nyaman dipeluk? Ini dia solusinya! Dibuat dari bahan premium yang halus, boneka ini cocok untuk hadiah, teman tidur, atau dekorasi kamar.\r\n\r\n','2.png',55000.00,0.00,30,'boneka',1,'2025-01-22 05:32:04','2025-01-22'),
(39,10,'BPB425461','boneka pig','boneka babi lucu warna pink,\r\nBuat kamu yang butuh teman setia buat dipeluk pas nonton drama atau tidur, ini dia boneka yang kamu cari! Super empuk, super lucu, dan siap nemenin kamu kapan aja.','42.png',40000.00,0.00,29,'boneka',1,'2025-01-22 05:34:21','2025-01-22'),
(40,10,'BGB326590','boneka gajah','boneka gajah bahan lembut lucu warna pink,\r\nBoneka ini dibuat dari bahan lembut berkualitas tinggi yang nyaman dipeluk. Dengan desain karakter yang lucu dan detail jahitan yang rapi, boneka ini cocok untuk hadiah, koleksi, atau teman tidur si kecil. Aman untuk anak-anak dan tidak menyebabkan alergi.','9.png',38000.00,0.00,26,'boneka',1,'2025-01-22 05:36:30','2025-01-22'),
(41,13,'BB8200848','Bunga mawar','bunga mawar dekorasi rumah dan ruangan kerja,\r\nKami menyediakan bunga segar per tangkai dengan harga hanya Rp5.000. Cocok untuk berbagai kebutuhan, seperti dekorasi, hadiah, atau acara spesial. Bunga yang kami jual berkualitas, segar, dan siap menghiasi hari Anda.','22.png',87000.00,0.00,999,'bunga',1,'2025-01-22 05:40:48','2025-01-22'),
(42,13,'ALB8100010','anggrek latex','bunga anggrek latex,\r\nKami menyediakan bunga segar per tangkai dengan harga hanya Rp10.000. Cocok untuk berbagai kebutuhan, seperti dekorasi, hadiah, atau acara spesial. Bunga yang kami jual berkualitas, segar, dan siap menghiasi hari Anda.','31.png',55000.00,0.00,1000,'bunga',1,'2025-01-22 05:43:30','2025-01-22'),
(43,13,'BAB8100181','bunga anggrek','bunga angrek latex\r\nKami menyediakan bunga segar per tangkai dengan harga hanya Rp10.000. Cocok untuk berbagai kebutuhan, seperti dekorasi, hadiah, atau acara spesial. Bunga yang kami jual berkualitas, segar, dan siap menghiasi hari Anda.','102.png',55000.00,0.00,1000,'bunga',1,'2025-01-22 05:46:21','2025-01-22'),
(44,13,'BLB910391','bungan latex','bunga latex premium\r\nKami menyediakan bunga segar per tangkai dengan harga hanya Rp11.000. Cocok untuk berbagai kebutuhan, seperti dekorasi, hadiah, atau acara spesial. Bunga yang kami jual berkualitas, segar, dan siap menghiasi hari Anda.','8.png',56000.00,0.00,1000,'bunga',1,'2025-01-22 05:49:51','2025-01-22'),
(45,19,'TSBM860834','tumbler stainless','Botol minum termos 450ml warna pink karakter,\r\nTumbler ini terbuat dari bahan stainless steel berkualitas tinggi yang mampu menjaga suhu minuman tetap panas atau dingin dalam waktu lama. tumbler ini cocok digunakan untuk aktivitas sehari-hari, baik di kantor, sekolah, maupun saat bepergian.','32.png',80000.00,0.00,50,'botol',1,'2025-01-22 09:33:54','2025-01-22'),
(46,19,'TCBM470036','tumbler cangkir','tumbler cangkir 500ml,\r\nBotol minum ini terbuat dari bahan berkualitas tinggi yang aman untuk digunakan sehari-hari,Cocok untuk air dingin maupun panas, serta ramah lingkungan karena dapat digunakan berulang kali.','5.png',45000.00,0.00,70,'botol',1,'2025-01-22 09:37:16','2025-01-22'),
(47,19,'TPBM550192','tumbler pink','tumbler pink karakter lucu 350ml,\r\nBawa minuman favoritmu ke mana saja dengan botol ini! Desain keren, tahan panas & dingin, dan pastinya anti-bocor.','103.png',55000.00,0.00,50,'botol',1,'2025-01-22 09:39:52','2025-01-22'),
(48,19,'TLBM355369','tumbler labubu','tumbler labubu bahan stainless 550ml,\r\nBotol minum berkualitas dengan desain modern. Bisa digunakan untuk minuman panas & dingin, ringan, dan mudah dibawa ke mana saja.','91.png',36000.00,0.00,55,'botol',1,'2025-01-22 09:42:49','2025-01-22'),
(57,22,'BB115024','Kacamata blue','Kacamata hitam keren lensa blue \r\nKacamata ini bukan cuma bikin gaya makin kece, tapi juga melindungi mata dari sinar UV dan radiasi layar HP! Cocok buat aktivitas outdoor maupun kerja depan laptop.','231.png',20000.00,0.00,25,'kacamata',1,'2025-01-22 10:27:04','2025-01-22'),
(59,22,'KGK215077','Kacamata gaya','kacamata pria/wanita warna coklat,\r\nKacamata dengan desain modern dan lensa berkualitas tinggi. Cocok untuk perlindungan dari sinar UV, radiasi layar, atau sekadar tampil lebih stylish.','27.png',25000.00,0.00,15,'kacamata',1,'2025-01-22 10:44:37','2025-01-21'),
(60,22,'KKK215294','Kacamata kekinian','kacamata hitam Mau mata tetap nyaman dan tampilan makin kece? Kacamata ini jawabannya!  nongkrong, atau gaya biar keliatan makin keren.','28.png',24000.00,0.00,25,'kacamata',1,'2025-01-22 10:48:14','2025-01-21'),
(62,22,'KSK115628','kacamata sunglaess','kacamata hitam dengan desain material plastik, Mau mata tetap nyaman dan tampilan makin kece? Kacamata ini jawabannya! nongkrong, atau gaya biar keliatan makin keren.','25.png',19000.00,0.00,25,'kacamata',1,'2025-01-22 10:53:48','2025-01-23'),
(63,23,'TBT45819','Topi baseball','Topi baseball pria dan wanita motif timbul unisex,\r\nTopi ini dibuat dari bahan berkualitas tinggi dengan desain modern yang stylish, melindungi dari sinar matahari, serta menambah gaya pada outfit Anda.','30.png',40000.00,0.00,20,'topi',1,'2025-01-22 10:56:59','2025-01-23'),
(64,23,'TPT45013','Topi pantai','topi pantai warna hitam, \r\nPengen tampil keren & tetap nyaman di bawah sinar matahari? Pakai topi ini aja! Desain modern, bahan adem, dan bisa dipakai ke mana aja.','29.png',45000.00,0.00,20,'topi',1,'2025-01-22 11:00:13','2025-01-23'),
(65,23,'TPT415231','Topi pantai','Topi pantai wanita bunga pelindung warna coklat,\r\nTopi dengan desain modern dan bahan berkualitas tinggi. Cocok untuk melindungi dari sinar matahari sekaligus menambah gaya pada penampilan.','33.png',44000.00,0.00,20,'topi',1,'2025-01-22 11:03:51','2025-01-23'),
(66,23,'TPPT215482','Topi pita pantai','topi pantai matahari pita lucu,\r\nTopi dengan desain modern dan bahan berkualitas tinggi. Cocok untuk melindungi dari sinar matahari sekaligus menambah gaya pada penampilan.\r\n','321.png',25000.00,0.00,20,'topi',1,'2025-01-22 11:08:02','2025-01-23'),
(67,23,'TPT315619','Topi putih','topi putih pria & wanita bordir bear timbul, Pengen tampil keren & tetap nyaman? Pakai topi ini aja! Desain modern, bahan adem, dan bisa dipakai ke mana aja. Cocok buat nongkrong, jalan-jalan, atau sekadar nutupin rambut bad hair day.','311.png',30000.00,0.00,15,'topi',1,'2025-01-22 11:10:19','2025-01-23'),
(68,23,'TBAT215184','Topi bucket anak','Topi bucket  bordir  bahan adem nyaman anak laki dan perempuan warna hitam','34.png',45000.00,0.00,20,'topi',1,'2025-01-22 11:36:24','2025-01-23'),
(69,24,'SCSK325969','Sandal crocs','Sendal slip on warna pink bahan tebal anti licin sangat lembut digunkan\r\nukuran (37/38 - 24cm) Sandal Crocs karakter ini dibuat dari bahan berkualitas tinggi yang ringan, empuk, dan nyaman digunakan sehari-hari. Desain lucu dengan berbagai karakter favorit membuat tampilan semakin menarik.','16.png',38000.00,0.00,35,'sandal karakter',1,'2025-01-22 12:22:49','2025-01-23'),
(70,24,'SSOSK325224','Sendal slip on','sendal slip on wanita warna hitam bahan empuk dan lembut nyaman digunakan \r\nukuran (36/37 - 23cm) Lagi cari sandal yang nyaman, lucu, dan bisa dipakai ke mana aja? Sandal karakter ini jawabannya! Desainnya unik, empuk di kaki, dan bisa dipakai dalam dua mode: santai atau sporty','19.png',39000.00,0.00,25,'sendal karakter',1,'2025-01-22 12:27:04','2025-01-23'),
(71,24,'SBSK325561','Sandal baim','Sandal baim warna cream nyaman dan empuk digunakan tidak licin \r\nukuran (36/37 - 23cm) Lagi cari sandal yang nyaman, lucu, dan bisa dipakai ke mana aja? Sandal karakter ini jawabannya! Desainnya unik, empuk di kaki, dan bisa dipakai dalam dua mode: santai atau sporty','18.png',35000.00,0.00,35,'sandal karakter',1,'2025-01-22 12:32:41','2025-01-23'),
(72,24,'SASK230830','Sandal anak','Sandal anak motif dino warna biru, ringan dan nyaman di gunakan membuat anak senang dan jadi pusat perhatian!\r\n','211.png',25000.00,0.00,30,'sandal karakter',1,'2025-01-22 12:37:10','2025-01-23'),
(73,24,'SATAT415938','sendal anak','sendal anak lucu warna cream, ringan dan nyaman di gunakan membuat anak senang dan jadi pusat perhatian!','20.png',35000.00,0.00,35,'sendal anak',1,'2025-01-22 12:55:38','2025-01-23'),
(74,26,'SAT115188','Kaos kaki','Kaos kaki ini dibuat dari bahan lembut dan elastis yang nyaman dipakai sepanjang hari. Cocok untuk berbagai aktivitas, baik formal maupun santai. Didesain dengan bahan breathable yang menyerap keringat, sehingga tetap nyaman meskipun dipakai lama.','301.png',18000.00,0.00,50,'Kaos kaki',1,'2025-01-22 12:59:48','2025-01-23'),
(75,26,'SSAT125460','Kaos Kaki','Kaos kaki warna cream dengan bahan lembut, elastis, dan breathable. Cocok untuk aktivitas harian, sekolah, kerja, atau olahraga.','331.png',15000.00,0.00,50,'Kaos Kaki',1,'2025-01-22 13:04:20','2025-01-23'),
(76,26,'SSAT125633','kaos kaki','koas kaki tersedia berbagai warna, konfirmasi admin untuk menanyakan ketersedian warna.. Suka risih sama kaos kaki yang cepat bau atau gampang melar? Tenang, kaos kaki ini solusinya! Super adem, nyaman, dan tetap stylish. Mau dipakai seharian? ','322.png',14000.00,0.00,100,'kaos kaki',1,'2025-01-22 13:07:13','2025-01-23'),
(77,26,'WF112481','kaos kaki','Kaos kaki dengan bahan lembut, elastis, dan breathable. Cocok untuk aktivitas harian, sekolah, kerja, atau olahraga.','312.png',15000.00,0.00,50,'kaos kaki',1,'2025-02-07 15:44:41','2025-02-07'),
(79,27,'JTJT435176','jam tangan','Jam tangan ini hadir dengan desain modern dan material premium, memberikan tampilan yang elegan dan berkelas. Cocok untuk digunakan dalam berbagai aktivitas, baik formal maupun santai.','421.png',40000.00,0.00,35,'jam tangan',1,'2025-02-21 16:52:56','2025-02-21'),
(80,27,'JTJT535268','Jam tangan','Lagi cari jam tangan yang keren, nyaman, dan cocok buat segala acara? Ini dia! Desainnya elegan, bahan berkualitas, dan pastinya bikin gaya makin trendi.','431.png',43000.00,0.00,35,'jam tangan',1,'2025-02-21 16:54:28','2025-02-21'),
(81,27,'JTJT330379','jam tangan','Jam tangan berkualitas dengan desain modern dan material premium. Cocok untuk segala aktivitas, baik formal maupun kasual.','44.png',35000.00,0.00,30,'jam tangan',1,'2025-02-21 16:56:19','2025-02-21'),
(82,27,'JTJT530456','jam tangan','Jam tangan ini hadir dengan desain modern dan material premium, memberikan tampilan yang elegan dan berkelas. Cocok untuk digunakan dalam berbagai aktivitas, baik formal maupun santai.','Kategori_Boneka.png',41000.00,0.00,30,'jam tangan',1,'2025-02-21 16:57:36','2025-02-21'),
(83,28,'SRSR650879','Sisir rambut','Sisir Rambut Anti Kusut, Bikin Rambut Makin Rapih & Sehat','50.png',6000.00,0.00,50,'sisir rambut',1,'2025-02-21 17:04:39','2025-02-21'),
(84,28,'SRSR650974','sisir rambut','Sisir Rambut Anti Kusut, Bikin Rambut Makin Rapih & Sehat','49.png',6500.00,0.00,50,'sisir rambut',1,'2025-02-21 17:06:14','2025-02-21'),
(85,28,'SRSR550043','Sisir rambut','Sisir Rambut Anti Kusut, Bikin Rambut Makin Rapih & Sehat','48.png',5500.00,0.00,50,'sisir rambut',1,'2025-02-21 17:07:23','2025-02-21'),
(86,28,'SRSR550073','Sisir rambut','Sisir Rambut Anti Kusut, Bikin Rambut Makin Rapih & Sehat','47.png',5000.00,0.00,50,'sisir rambut',1,'2025-02-21 17:07:53','2025-02-21'),
(87,29,'IRIR3100405','Ikat rambut','Ikat Rambut Elastis & Berkualitas  Nyaman Dipakai Seharian!','251.png',3500.00,0.00,100,'Ikat rambut',1,'2025-02-21 17:13:25','2025-02-21'),
(88,29,'IRIR4100508','Ikat rambut','Ikat Rambut Elastis & Berkualitas  Nyaman Dipakai Seharian! ','261.png',4000.00,0.00,100,'Ikat rambut',1,'2025-02-21 17:15:08','2025-02-21'),
(89,29,'IRIR7200569','Ikat rambut','Ikat Rambut Elastis & Berkualitas  Nyaman Dipakai Seharian! ','271.png',7000.00,0.00,200,'Ikat rambut',1,'2025-02-21 17:16:09','2025-02-21'),
(90,29,'IRIR4100621','Ikat rambut','Ikat Rambut Elastis & Berkualitas  Nyaman Dipakai Seharian! ','291.png',4500.00,0.00,100,'Ikat rambut',1,'2025-02-21 17:17:01','2025-02-21'),
(91,30,'IPIP150838','Ikat Pianggang','Ikat pinggang ini dibuat dari bahan premium yang kuat, tahan lama, dan nyaman digunakan. Cocok untuk berbagai kesempatan, baik formal maupun kasual.','341.png',19000.00,0.00,50,'Ikat Pinggang',1,'2025-02-21 17:20:38','2025-02-21'),
(92,30,'IPIP150960','Ikat Pianggang','Mau tampil rapi & trendi? Pakai ikat pinggang ini! Desain elegan, bahan berkualitas, dan cocok buat semua gaya. Dari santai sampai formal, semua bisa!','36.png',14000.00,0.00,50,'Ikat Pinggang',1,'2025-02-21 17:22:40','2025-02-21'),
(93,30,'IPIP155037','Ikat Pianggang','Ikat pinggang dengan material berkualitas, gesper kuat, dan desain elegan. Cocok untuk berbagai gaya, dari formal hingga kasual.','35.png',12000.00,0.00,55,'Ikat Pinggang',1,'2025-02-21 17:23:57','2025-02-21'),
(94,30,'IPIP250379','Ikat Pianggang','Celana sering melorot? Tenang, ikat pinggang ini penyelamatnya! Selain bikin celana tetap aman di tempatnya, modelnya juga keren buat nambahin gaya!','Kategori_Boneka_(1).png',26000.00,0.00,50,'Ikat Pinggang',1,'2025-02-21 17:29:39','2025-02-21'),
(95,2,'CWA180783','Cincin wanita','Cincin Wanita Elegan  Tambahkan Sentuhan Klasik & Mewah! ','15.png',18000.00,0.00,80,'cincin wanita',1,'2025-02-21 17:36:23','2025-02-21'),
(96,2,'CWA280879','Cincin wanita','Mau tampil anggun & elegan? Pakai cincin ini! Desainnya simpel tapi tetap menawan, bisa dipakai sehari-hari atau di acara spesial!','105.png',20000.00,0.00,80,'cincin wanita',1,'2025-02-21 17:37:59','2025-02-21'),
(97,2,'CWA175957','Cincin wanita','Lagi cari aksesoris yang bisa bikin tampilan lebih elegan? Cincin ini jawabannya! Bukan cuma bikin jari makin cantik, tapi juga bisa bikin orang terpesona','141.png',18000.00,0.00,75,'cincin wanita',1,'2025-02-21 17:39:17','2025-02-21'),
(98,2,'CWA270062','Cincin wanita','Lagi cari aksesoris yang bisa bikin tampilan lebih elegan? Cincin ini jawabannya! Bukan cuma bikin jari makin cantik, tapi juga bisa bikin orang terpesona','112.png',21000.00,0.00,70,'cincin wanita',1,'2025-02-21 17:41:02','2025-02-21'),
(99,2,'GRA250439','Gelang rantai','Lengkapi gaya Anda dengan gelang rantai wanita berkualitas tinggi ini! Terbuat dari material premium dengan desain elegan yang cocok untuk berbagai acara, baik santai maupun formal.','161.png',20000.00,0.00,50,'gelang rantai',1,'2025-02-21 17:47:19','2025-02-21'),
(100,2,'GTA250547','Gelang Tangan','Tampil elegan & stylish dengan gelang wanita ini! Desainnya simpel tapi tetap mewah, bisa dipakai ke acara apa saja!','17.png',25000.00,0.00,50,'gelang tangan',1,'2025-02-21 17:49:07','2025-02-21'),
(101,2,'GTA150657','Gelang Tangan','Lagi cari gelang yang cantik, simpel, tapi tetap mewah? Ini dia jawabannya! Gelang ini bukan cuma aksesoris, tapi juga bikin percaya diri naik 100%!','181.png',18000.00,0.00,50,'gelang tangan',1,'2025-02-21 17:50:57','2025-02-21'),
(102,2,'GTA155723','Gelang Tangan','Gelang dengan desain simpel namun tetap stylish, cocok untuk berbagai acara, baik casual maupun formal.','212.png',17000.00,0.00,55,'gelang tangan',1,'2025-02-21 17:52:03','2025-02-21'),
(103,2,'KTA335026','Kalung titanium','Lengkapi penampilan Anda dengan kalung elegan ini! Terbuat dari material berkualitas tinggi dengan desain modern yang cocok untuk segala suasana, baik santai maupun formal.','221.png',35000.00,0.00,35,'Kalung titanium',1,'2025-02-21 17:57:06','2025-02-21'),
(104,2,'KWA250170','Kalung wanita','Lagi cari kalung yang cantik, simpel, tapi tetap mewah? Ini dia jawabannya! Bukan cuma aksesoris, tapi juga bikin percaya diri naik level','232.png',25000.00,0.00,50,'Kalung wanita',1,'2025-02-21 17:59:30','2025-02-21'),
(105,2,'KWA250373','Kalung wanita','Lengkapi penampilan Anda dengan kalung elegan ini! Terbuat dari material berkualitas tinggi dengan desain modern yang cocok untuk segala suasana, baik santai maupun formal.','241.png',26000.00,0.00,50,'Kalung wanita',1,'2025-02-21 18:02:53','2025-02-22'),
(106,2,'KWA250447','Kalung Wanita','Lengkapi penampilan Anda dengan kalung elegan ini! Terbuat dari material berkualitas tinggi dengan desain modern yang cocok untuk segala suasana, baik santai maupun formal.','191.png',24000.00,0.00,50,'Kalung wanita',1,'2025-02-21 18:04:07','2025-02-22'),
(107,2,'BKKA7200714','Bros kupu kupu','Pengen tampilan lebih elegan? Cukup pakai bros ini! Bisa dipakai di hijab, kebaya, atau pakaian favoritmu! ','38.png',7000.00,0.00,200,'Bross hijab',1,'2025-02-21 18:08:34','2025-02-22'),
(108,2,'BBA5200831','Bros bunga','Mau tampilan makin elegan & unik? Coba pakai bros ini! Bukan cuma aksesoris, tapi bikin outfit lebih hidup & stylish! ','37.png',6000.00,0.00,200,'Bros bunga',1,'2025-02-21 18:10:31','2025-02-22'),
(109,2,'BHA7200968','Bros hijab','Aksesoris bros dengan desain unik dan elegan, cocok digunakan untuk hijab, kebaya, blazer, atau aksesoris tambahan lainnya.','411.png',7000.00,0.00,200,'Bros hijab',1,'2025-02-21 18:12:48','2025-02-22'),
(110,2,'BBA7200040','Bros bunga','Aksesoris bros dengan desain unik dan elegan, cocok digunakan untuk hijab, kebaya, blazer, atau aksesoris tambahan lainnya.','40.png',7000.00,0.00,200,'Bros bunga',1,'2025-02-21 18:14:00','2025-02-22'),
(111,21,'GMG2100480','Gelas mug','Hadirkan keindahan di meja Anda dengan gelas cantik yang dibuat dari material berkualitas tinggi. Cocok untuk menyajikan teh, kopi, jus, atau minuman favorit lainnya dengan sentuhan estetika yang elegan.','82.png',26000.00,0.00,100,'Gelas mug',1,'2025-02-21 19:11:20','2025-02-22'),
(112,21,'GKG1100602','Gelas karakter','Bukan sekadar gelas biasa, gelas cantik ini bikin momen minum teh atau kopi jadi lebih spesial! Motifnya unik, desainnya estetik, dan pastinya bikin meja makin kece!','114.png',14000.00,0.00,100,'Gelas karakter',1,'2025-02-21 19:13:22','2025-02-22'),
(113,21,'GKDG2100731','Gelas Karakter dino','Ngopi atau ngeteh gak lengkap kalau pakai gelas biasa! Pakai gelas cantik ini, bikin suasana lebih cozy & foto makin instagramable!','93.png',22000.00,0.00,100,'Gelas Karakter dino',1,'2025-02-21 19:15:31','2025-02-22'),
(114,21,'CMG1100874','Cangkir mug','Cangkir mug berkualitas dengan desain eksklusif yang cocok untuk menyajikan kopi, teh, jus, atau minuman favorit lainnya.','106.png',15000.00,0.00,100,'Cangkir mug',1,'2025-02-21 19:17:54','2025-02-22'),
(115,20,'PKMP21000124','Piring keramik motif','harga satuan... Hadirkan nuansa mewah dan estetika di meja makan dengan piring motif cantik, Terbuat dari material premium dengan desain motif yang artistik, cocok untuk penggunaan sehari-hari maupun acara spesial.','110.png',21000.00,0.00,1000,'Piring keramik motif',1,'2025-02-21 19:22:04','2025-02-22'),
(116,20,'PKMP21000317','Piring keramik motif','Harga satuan... Sajian spesial butuh piring yang spesial juga! Piring motif cantik ini bikin makanan terlihat lebih menggoda dan meja makan lebih berkelas!','45.png',22000.00,0.00,1000,'Piring keramik motif',1,'2025-02-21 19:25:17','2025-02-22'),
(117,20,'PKMP21000376','Piring keramik motif','Harga satuan... Makan di piring biasa? Udah gak jaman! Pakai piring motif cantik ini biar makanan makin menggoda & fotonya makin kece!','52.png',21000.00,0.00,1000,'Piring keramik motif',1,'2025-02-21 19:26:16','2025-02-22'),
(118,20,'PKMP21000494','Piring keramik motif','Harga satuan... Sajian spesial butuh piring yang spesial juga! Piring motif cantik ini bikin makanan terlihat lebih menggoda dan meja makan lebih berkelas!','6.png',22000.00,0.00,1000,'Piring keramik motif',1,'2025-02-21 19:28:14','2025-02-22'),
(119,31,'TBT580658','Termos botol','Terbuat dari stainless steel food grade, ringan, dan mudah dibawa ke mana saja. Cocok untuk perjalanan, kantor, atau aktivitas sehari-hari.\r\n\r\n','53.png',55000.00,0.00,80,'Termos botol',1,'2025-02-21 20:04:18','2025-02-22'),
(120,31,'TST3100793','Termos stainles','Dapatkan termos berkualitas yang mampu menjaga suhu minuman tetap panas atau dingin selama berjam-jam.','54.png',32000.00,0.00,100,'Termos stainles',1,'2025-02-21 20:06:33','2025-02-22'),
(121,31,'TVT5100922','Termos voova','Punya kopi tapi cepat dingin? Atau es teh yang cepat mencair? Termos ini solusinya! Biar minuman tetap sesuai selera, kapan pun dan di mana pun','55.png',50000.00,0.00,100,'Termos voova',1,'2025-02-21 20:08:42','2025-02-22'),
(122,31,'TSCT5100024','Termos star cup','Termos berkualitas dengan desain elegan dan teknologi insulasi ganda yang menjaga suhu minuman lebih lama. Cocok untuk kopi, teh, dan minuman favorit lainnya.','56.png',55000.00,0.00,100,'Termos star cup',1,'2025-02-21 20:10:24','2025-02-22'),
(123,31,'TST680535','Termos stainles','Dapatkan termos berkualitas yang mampu menjaga suhu minuman tetap panas atau dingin selama berjam-jam. ','65.png',60000.00,0.00,80,'Termos stainles',1,'2025-02-23 05:55:35','2025-02-23'),
(124,32,'JDJD5200044','Jam dinding','Hadirkan kesan estetik dan modern di ruangan Anda dengan jam dinding berkualitas. Terbuat dari material premium dengan desain stylish yang cocok untuk rumah, kantor, kafe, atau ruang kerja.','60.png',58000.00,0.00,200,'Jam dinding',1,'2025-02-23 06:04:04','2025-02-23'),
(125,32,'JDJD5200157','jam dinding','Biar waktu terus berjalan, setidaknya ruangan kita tetap estetik! Jam dinding ini hadir dengan desain unik & mesin senyap yang bikin nyaman!','57.png',55000.00,0.00,200,'Jam dinding',1,'2025-02-23 06:05:57','2025-02-23'),
(126,32,'JDJD6200285','Jam dinding','Jam dinding berkualitas tinggi dengan desain elegan dan mesin senyap. Cocok untuk rumah, kantor, atau tempat usaha Anda.','58.png',60000.00,0.00,200,'Jam dinding',1,'2025-02-23 06:08:05','2025-02-23'),
(127,32,'JDJD5200359','jam dinding','Jam dinding berkualitas tinggi dengan desain elegan dan mesin senyap. Cocok untuk rumah, kantor, atau tempat usaha Anda.','59.png',58000.00,0.00,200,'Jam dinding',1,'2025-02-23 06:09:19','2025-02-23'),
(128,2,'SAA2250761','Set anting','Lengkapi koleksi aksesorismu dengan set anting berkualitas tinggi yang didesain khusus untuk menunjang penampilan elegan dan modern. ','61.png',27000.00,0.00,250,'Set anting',1,'2025-02-23 06:16:01','2025-02-23'),
(129,2,'SAA2250837','Set anting','Bosen pake anting yang itu-itu aja? Yuk, upgrade penampilanmu dengan set anting kekinian ini!','62.png',27000.00,0.00,250,'Set anting',1,'2025-02-23 06:17:17','2025-02-23'),
(130,2,'SAA2200919','Set anting','Pengen tampil makin kece tanpa ribet? Set anting ini solusinya! Dengan banyak pilihan model, kamu bisa mix & match sesuai mood!','63.png',25000.00,0.00,200,'Set anting',1,'2025-02-23 06:18:39','2025-02-23'),
(131,2,'SAA2200983','Set anting','Koleksi set anting dengan berbagai desain eksklusif, cocok untuk segala kesempatan. Nyaman dipakai, tidak mudah pudar, dan aman untuk kulit sensitif.','64.png',25000.00,0.00,200,'Set anting',1,'2025-02-23 06:19:43','2025-02-23');

UNLOCK TABLES;

/*Table structure for table `payments` */

DROP TABLE IF EXISTS `payments`;

CREATE TABLE `payments` (
  `id` bigint(20) NOT NULL AUTO_INCREMENT,
  `order_id` bigint(20) DEFAULT NULL,
  `payment_price` decimal(10,2) DEFAULT NULL,
  `payment_date` datetime NOT NULL,
  `picture_name` varchar(191) DEFAULT NULL,
  `payment_status` enum('1','2','3') DEFAULT '1',
  `confirmed_date` datetime DEFAULT NULL,
  `payment_data` text DEFAULT NULL,
  PRIMARY KEY (`id`),
  KEY `order_id` (`order_id`)
) ENGINE=InnoDB AUTO_INCREMENT=36 DEFAULT CHARSET=utf8mb4 COLLATE=utf8mb4_general_ci;

/*Data for the table `payments` */

LOCK TABLES `payments` WRITE;

insert  into `payments`(`id`,`order_id`,`payment_price`,`payment_date`,`picture_name`,`payment_status`,`confirmed_date`,`payment_data`) values 
(15,22,1200000.00,'2023-11-13 03:56:55','bg_dinding_41.jpg','2',NULL,'{\"transfer_to\":\"mandiri\",\"source\":{\"bank\":\"Mandiri\",\"name\":\"Puji Rahayu\",\"number\":\"908888654\"}}'),
(16,23,1200000.00,'2023-11-14 17:03:08','Contoh_Label_Box.jpg',NULL,NULL,'{\"transfer_to\":\"bca\",\"source\":{\"bank\":\"BNI Syariah\",\"name\":\"lukmanul_ikhsani\",\"number\":\"0957839384\"}}'),
(17,24,1200000.00,'2023-11-14 17:07:22','bendera_indo.jpg','3',NULL,'{\"transfer_to\":\"mandiri\",\"source\":{\"bank\":\"BNI Syariah\",\"name\":\"Rian\",\"number\":\"0957839399\"}}'),
(18,25,1200000.00,'2023-11-15 00:37:11','GDAY_TURKEY_+_BOSPHORUS_CRUISE_CUMALIKIZIK_OTTOMAN_VILLAGE.pdf','1',NULL,'{\"transfer_to\":\"mandiri\",\"source\":{\"bank\":\"BNI Syariah\",\"name\":\"lukmanul\",\"number\":\"0957839384\"}}'),
(19,26,1200000.00,'2023-11-15 00:49:02','BEST_DEAL_HAINAN_ISLAND.pdf','1',NULL,'{\"transfer_to\":\"mandiri\",\"source\":{\"bank\":\"BNI Syariah\",\"name\":\"jihan\",\"number\":\"0957839384\"}}'),
(20,27,1200000.00,'2023-11-15 01:07:44','bg_dinding_12.jpg','1',NULL,'{\"transfer_to\":\"mandiri\",\"source\":{\"bank\":\"BNI Syariah\",\"name\":\"pujirahayu\",\"number\":\"0957839399\"}}'),
(21,28,1200000.00,'2023-11-27 06:47:25','bendera_indo1.jpg','2',NULL,'{\"transfer_to\":\"mandiri\",\"source\":{\"bank\":\"BNI Syariah\",\"name\":\"nesha\",\"number\":\"0957839384\"}}'),
(22,29,1200000.00,'2024-01-12 16:32:15','Contoh_Check_Box.png','2',NULL,'{\"transfer_to\":\"mandiri\",\"source\":{\"bank\":\"Mandiri\",\"name\":\"mega\",\"number\":\"097477387\"}}'),
(23,30,1200000.00,'2024-01-13 12:03:39','bendera_indo2.jpg','2',NULL,'{\"transfer_to\":\"mandiri\",\"source\":{\"bank\":\"BNI Syariah\",\"name\":\"Nana Safitri\",\"number\":\"0957839399\"}}'),
(24,33,50000.00,'2024-12-13 11:40:37','WhatsApp_Image_2024-12-06_at_23_22_32.jpeg','2',NULL,'{\"transfer_to\":\"mandiri\",\"source\":{\"bank\":\"bri\",\"name\":\"boneka pink\",\"number\":\"12345678\"}}'),
(25,35,20000.00,'2024-12-13 12:14:30','WhatsApp_Image_2024-12-06_at_23_22_35_(1).jpeg',NULL,NULL,'{\"transfer_to\":\"bca\",\"source\":{\"bank\":\"bca\",\"name\":\"angela\",\"number\":\"21212121\"}}'),
(26,41,50000.00,'2025-02-03 17:16:16','16.png','2',NULL,'{\"transfer_to\":\"mandiri\",\"source\":{\"bank\":\"bri\",\"name\":\"angela\",\"number\":\"12345678r9\"}}'),
(27,48,60000.00,'2025-02-04 17:54:52','tf.jpg','2',NULL,'{\"transfer_to\":\"bca\",\"source\":{\"bank\":\"bri\",\"name\":\"angela\",\"number\":\"12345678r9\"}}'),
(28,49,120000.00,'2025-02-04 18:12:06','tf_2.jpg','2',NULL,'{\"transfer_to\":\"mandiri\",\"source\":{\"bank\":\"seabank\",\"name\":\"Raul Andriansyah\",\"number\":\"23129293041\"}}'),
(29,56,60000.00,'2025-02-07 15:16:48','unnamed.jpg','2',NULL,'{\"transfer_to\":\"bca\",\"source\":{\"bank\":\"bca\",\"name\":\"arul\",\"number\":\"21212121\"}}'),
(30,57,80000.00,'2025-02-07 15:18:35','Ratmiku_(2).png','3',NULL,'{\"transfer_to\":\"mandiri\",\"source\":{\"bank\":\"bca\",\"name\":\"arul\",\"number\":\"21212121\"}}'),
(31,63,68000.00,'2025-02-09 20:47:17','regis.jpg','1',NULL,'{\"transfer_to\":\"mandiri\",\"source\":{\"bank\":\"bca\",\"name\":\"raulandrsyh\",\"number\":\"212121200\"}}'),
(32,64,1320000.00,'2025-02-12 05:22:09','tf1.jpg','1',NULL,'{\"transfer_to\":\"mandiri\",\"source\":{\"bank\":\"bca\",\"name\":\"angela\",\"number\":\"21212121\"}}'),
(33,80,95000.00,'2025-02-23 07:36:51','tranfer.png','2',NULL,'{\"transfer_to\":\"mandiri\",\"source\":{\"bank\":\"Mandiri\",\"name\":\"Raul Andriasnyah\",\"number\":\"1140023462131\"}}'),
(34,82,48000.00,'2025-02-23 08:05:12','tranfer1.png','2',NULL,'{\"transfer_to\":\"bca\",\"source\":{\"bank\":\"BCA\",\"name\":\"Jovanca edrea\",\"number\":\"1132413456\"}}'),
(35,84,166000.00,'2025-02-23 08:55:10','pngtree-avatar-icon.jpg','1',NULL,'{\"transfer_to\":\"mandiri\",\"source\":{\"bank\":\"madnidir\",\"name\":\"dedi\",\"number\":\"10888229\"}}');

UNLOCK TABLES;

/*Table structure for table `product_category` */

DROP TABLE IF EXISTS `product_category`;

CREATE TABLE `product_category` (
  `id` int(10) NOT NULL AUTO_INCREMENT,
  `name` varchar(191) NOT NULL,
  PRIMARY KEY (`id`)
) ENGINE=InnoDB AUTO_INCREMENT=33 DEFAULT CHARSET=utf8mb4 COLLATE=utf8mb4_general_ci;

/*Data for the table `product_category` */

LOCK TABLES `product_category` WRITE;

insert  into `product_category`(`id`,`name`) values 
(2,'AKSESORIS'),
(9,'FASHION'),
(10,'BONEKA'),
(12,'HOME DECOR'),
(13,'BUNGA'),
(14,'KADO'),
(15,'SANDAL WANITA'),
(16,'ALAT TULIS'),
(17,'TAS'),
(18,'DOMPET'),
(19,'BOTOL MINUM'),
(20,'PIRING '),
(21,'GELAS'),
(22,'KACAMATA'),
(23,'TOPI'),
(24,'SANDAL KARAKTER'),
(26,'KAOS KAKI'),
(27,'JAM TANGAN'),
(28,'SISIR RAMBUT'),
(29,'IKAT RAMBUT'),
(30,'IKAT PINGGANG'),
(31,'TERMOS'),
(32,'JAM DINDING');

UNLOCK TABLES;

/*Table structure for table `reviews` */

DROP TABLE IF EXISTS `reviews`;

CREATE TABLE `reviews` (
  `id` bigint(20) NOT NULL AUTO_INCREMENT,
  `user_id` bigint(20) unsigned DEFAULT NULL,
  `order_id` bigint(20) DEFAULT NULL,
  `title` varchar(191) DEFAULT NULL,
  `review_text` mediumtext NOT NULL,
  `review_date` datetime NOT NULL,
  `status` tinyint(1) NOT NULL DEFAULT 1,
  PRIMARY KEY (`id`),
  KEY `FK_reviews_users` (`user_id`),
  KEY `FK_reviews_orders` (`order_id`)
) ENGINE=InnoDB AUTO_INCREMENT=12 DEFAULT CHARSET=utf8mb4 COLLATE=utf8mb4_general_ci;

/*Data for the table `reviews` */

LOCK TABLES `reviews` WRITE;

insert  into `reviews`(`id`,`user_id`,`order_id`,`title`,`review_text`,`review_date`,`status`) values 
(2,7,6,'Sangat puas','Pengiriman cepat dan sayur segar','2020-03-30 08:31:31',1),
(3,7,5,'Buah segar','Buah segar dan kualitasnya sangat bagus','2020-03-30 08:33:10',1),
(4,8,12,'Toko Buah Segar','Sangat Puas Dengan Pelaynan dan Produknya Segar Semua','2020-10-26 07:13:38',1),
(5,10,13,'Toko Buah Segar','Pesanan Dikrim Tepat Waktu dan Kualitas Segar Segar','2020-10-26 07:17:35',1),
(6,11,14,'Toko Buah Segar','Sangat Puas Dengan Pelayanan Adminnya','2020-10-26 08:38:48',1),
(7,17,33,'boneka pink','barang nya sangat bagus','2024-12-13 11:42:52',1),
(8,18,35,'boneka','barang sesuai dengan pesanan dan harga terjangkau','2024-12-13 12:18:41',1),
(9,27,80,'kepuasan','saya sangat puas dengan pelayanan diratmiku','2025-02-23 07:37:53',1),
(10,28,81,'Barang','Barang sampai dengan aman dan baik','2025-02-23 07:55:30',1),
(11,29,82,'Barang','Barangnya sesuai pict lucu bangett','2025-02-23 08:06:13',1);

UNLOCK TABLES;

/*Table structure for table `roles` */

DROP TABLE IF EXISTS `roles`;

CREATE TABLE `roles` (
  `id` int(10) NOT NULL AUTO_INCREMENT,
  `role_name` varchar(191) NOT NULL,
  PRIMARY KEY (`id`)
) ENGINE=InnoDB AUTO_INCREMENT=3 DEFAULT CHARSET=utf8mb4 COLLATE=utf8mb4_general_ci;

/*Data for the table `roles` */

LOCK TABLES `roles` WRITE;

insert  into `roles`(`id`,`role_name`) values 
(1,'Admin'),
(2,'Customer');

UNLOCK TABLES;

/*Table structure for table `settings` */

DROP TABLE IF EXISTS `settings`;

CREATE TABLE `settings` (
  `id` int(10) NOT NULL AUTO_INCREMENT,
  `key` varchar(32) NOT NULL,
  `content` text NOT NULL,
  PRIMARY KEY (`id`) USING BTREE
) ENGINE=InnoDB AUTO_INCREMENT=13 DEFAULT CHARSET=utf8mb4 COLLATE=utf8mb4_general_ci;

/*Data for the table `settings` */

LOCK TABLES `settings` WRITE;

insert  into `settings`(`id`,`key`,`content`) values 
(1,'current_theme_name','vegefoods'),
(2,'store_name','Ratmiku'),
(3,'store_phone_number','089658975120'),
(4,'store_email','ratmiku@gmail.com'),
(5,'store_tagline','Belanja Murah Pasti Hemat'),
(6,'store_logo',''),
(7,'max_product_image_size','20000'),
(8,'store_description','Ratmiku Lampung adalah salah satu usaha yang cukup populer dan banyak dikunjungi, terletak di Jalan Kartini No.62, Palapa, Kecamatan Tanjung Karang Pusat, Kota Bandar Lampung. Usaha ini didirikan pada 18 Agustus 2018 dan menjual berbagai produk dekorasi interior, fashion, dan aksesoris yang cukup lengkap serta melayani penjualan dalam jumlah banyak untuk para reseller. Saat ini, Ratmiku Lampung masih menggunakan beberapa media sosial seperti Instagram, TikTok sebagai sarana media promosi, dan Shopee sebagai media penjualan. Ke depannya, Ratmiku Lampung juga akan meluncurkan website resmi untuk mempermudah transaksi dan memberikan informasi lebih lengkap mengenai produk dan layanan yang tersedia.'),
(9,'store_address','Jl. Kartini No.62, Palapa, Kec. Tj. Karang Pusat, Kota Bandar Lampung'),
(10,'min_shop_to_free_shipping_cost',''),
(11,'shipping_cost',''),
(12,'payment_banks','{\"mandiri\":{\"bank\":\"Mandiri\",\"number\":\"1234567890\",\"name\":\"Ratmiku\"},\"bca\":{\"bank\":\"BCA\",\"number\":\"0987654321\",\"name\":\"Ratmiku\"}}');

UNLOCK TABLES;

/*Table structure for table `users` */

DROP TABLE IF EXISTS `users`;

CREATE TABLE `users` (
  `id` bigint(20) unsigned NOT NULL AUTO_INCREMENT,
  `name` varchar(50) DEFAULT NULL,
  `email` varchar(191) NOT NULL,
  `email_verified_at` timestamp NULL DEFAULT NULL,
  `username` varchar(16) NOT NULL,
  `password` varchar(191) NOT NULL,
  `profile_picture` varchar(128) DEFAULT NULL,
  `role_id` int(10) DEFAULT 0,
  `register_date` datetime DEFAULT NULL,
  `member_id` varchar(10) DEFAULT NULL,
  PRIMARY KEY (`id`) USING BTREE,
  UNIQUE KEY `users_email_unique` (`email`) USING BTREE,
  KEY `role_id` (`role_id`)
) ENGINE=InnoDB AUTO_INCREMENT=32 DEFAULT CHARSET=utf8mb4 COLLATE=utf8mb4_unicode_ci;

/*Data for the table `users` */

LOCK TABLES `users` WRITE;

insert  into `users`(`id`,`name`,`email`,`email_verified_at`,`username`,`password`,`profile_picture`,`role_id`,`register_date`,`member_id`) values 
(7,'Admin Ratmiku','adminratmiku@gmail.com',NULL,'admin','$2y$10$78GOKXbJagL9ok8nBdRt9.L7pG76SiK3QDC26JIfNEufayw/9iAz.','logo_ratmiku.png',1,'2020-03-29 08:14:30',NULL),
(14,'pimpinanvinatour','pimpinantour@gmail.com',NULL,'pimpinan','$2y$10$JCvceX2Rbg2M20AmqQvZ4.JssGniRcthkGfT.30A4NJc6I9ckCry2',NULL,1,'2023-12-20 05:42:20',NULL),
(27,NULL,'raulandriyansyah@gmail.com',NULL,'Raulandrsyh','$2y$10$K.ugiWqnbWVpRadSwcR7CeUChIdMSBxkA/GtlMklu/ARplv.heN96',NULL,2,'2025-02-23 07:24:52','2025-0001'),
(28,NULL,'roosafirli@gmail.com',NULL,'Rossa','$2y$10$ZjYnjbYAkR0mu0mnSf0dNOc17N15fO9IZ//5FPjGm1oaVVzHAHn7.',NULL,2,'2025-02-23 07:48:41','2025-0002'),
(29,NULL,'Jovanca@gmail.com',NULL,'Jovanca','$2y$10$MKlvMOENYJbdjCHeBE1dCulE1cOxan87zP51LRH4DG4x4e23gKWv6',NULL,2,'2025-02-23 08:01:31','2025-0003'),
(30,NULL,'agus@gmail.com',NULL,'agus','$2y$10$tMEJ5523dGLulRNm4M.Lg.KCrYHaEnPKdn4SNrPNc5uD10cjR1nYW',NULL,2,'2025-02-23 08:17:17','2025-0004'),
(31,NULL,'dedi@gmail.com',NULL,'dedi','$2y$10$eeLIXUKPHxGbRzDUINWRb.dhnbrZdfgvPd3CurGCqsL21qSwuvi7q',NULL,2,'2025-02-23 08:18:08','2025-0005');

UNLOCK TABLES;

/* Trigger structure for table `order_item` */

DELIMITER $$

/*!50003 DROP TRIGGER*//*!50032 IF EXISTS */ /*!50003 `update_stock_after_order` */$$

/*!50003 CREATE */ /*!50003 TRIGGER `update_stock_after_order` AFTER INSERT ON `order_item` FOR EACH ROW BEGIN
    UPDATE packages
    SET stock = stock - NEW.order_qty
    WHERE id = NEW.product_id;
END */$$


DELIMITER ;

/*!40101 SET SQL_MODE=@OLD_SQL_MODE */;
/*!40014 SET FOREIGN_KEY_CHECKS=@OLD_FOREIGN_KEY_CHECKS */;
/*!40014 SET UNIQUE_CHECKS=@OLD_UNIQUE_CHECKS */;
/*!40111 SET SQL_NOTES=@OLD_SQL_NOTES */;
