-- phpMyAdmin SQL Dump
-- version 5.1.1
-- https://www.phpmyadmin.net/
--
-- Host: 127.0.0.1:3307
-- Waktu pembuatan: 13 Des 2024 pada 11.06
-- Versi server: 10.4.22-MariaDB
-- Versi PHP: 7.3.33

SET SQL_MODE = "NO_AUTO_VALUE_ON_ZERO";
START TRANSACTION;
SET time_zone = "+00:00";


/*!40101 SET @OLD_CHARACTER_SET_CLIENT=@@CHARACTER_SET_CLIENT */;
/*!40101 SET @OLD_CHARACTER_SET_RESULTS=@@CHARACTER_SET_RESULTS */;
/*!40101 SET @OLD_COLLATION_CONNECTION=@@COLLATION_CONNECTION */;
/*!40101 SET NAMES utf8mb4 */;

--
-- Database: `ratmiku`
--

-- --------------------------------------------------------

--
-- Struktur dari tabel `ci_sessions`
--

CREATE TABLE `ci_sessions` (
  `id` varchar(128) NOT NULL,
  `ip_address` varchar(45) NOT NULL,
  `timestamp` int(10) UNSIGNED NOT NULL DEFAULT 0,
  `data` blob NOT NULL
) ENGINE=InnoDB DEFAULT CHARSET=utf8mb4;

--
-- Dumping data untuk tabel `ci_sessions`
--

INSERT INTO `ci_sessions` (`id`, `ip_address`, `timestamp`, `data`) VALUES
('emf8seiqgbji3q4bbrfimjlddc6usq93', '::1', 1705069084, 0x5f5f63695f6c6173745f726567656e65726174657c693a313730353036393038343b7265646972656374696f6e7c4e3b),
('g4gid1h9se3pm4gdd6bsod61m24od4lc', '::1', 1705069434, 0x5f5f63695f6c6173745f726567656e65726174657c693a313730353036393433343b7265646972656374696f6e7c4e3b),
('2bee9e65gfj0eid5ffgr2hl7rt1t0m3o', '::1', 1705069759, 0x5f5f63695f6c6173745f726567656e65726174657c693a313730353036393735393b7265646972656374696f6e7c4e3b),
('cjle9alshliplrd9sd5gq7c220bt8d6c', '::1', 1705070113, 0x5f5f63695f6c6173745f726567656e65726174657c693a313730353037303131333b7265646972656374696f6e7c4e3b),
('hv4giecjmo48qbpe74n9s1sbtfg2f6g0', '::1', 1705070457, 0x5f5f63695f6c6173745f726567656e65726174657c693a313730353037303435373b7265646972656374696f6e7c4e3b),
('8dle5hme40vfanjstif3humbhrc1k99u', '::1', 1705070846, 0x5f5f63695f6c6173745f726567656e65726174657c693a313730353037303834363b7265646972656374696f6e7c4e3b),
('1utcs3ugc83cb3315ape00l4gbughdto', '::1', 1705071231, 0x5f5f63695f6c6173745f726567656e65726174657c693a313730353037313233313b7265646972656374696f6e7c4e3b),
('l48i1p0q858qs9tf4m6bqssi8dg0pbge', '::1', 1705074344, 0x5f5f63695f6c6173745f726567656e65726174657c693a313730353037343334343b7265646972656374696f6e7c4e3b),
('k5pf21l6s4dc81dfcgarvehnrffsbkmb', '127.0.0.1', 1705071615, 0x5f5f63695f6c6173745f726567656e65726174657c693a313730353037313631353b5f5f4143544956455f53455353494f4e5f444154417c733a3235363a22633865313334656638636235346163386261346261323739643535386538643932633436633032313064353235373331366433366130396538663065653630303733653730616562363966616539626463383135633234356236313434343239393364633833623665613130383961643765616166353463383536663231373064743939366c4571794b506a4d3372754c3967723569687750644a3754616274583535487273382f62306453456c47625969554a5a36477977784f304b48705433584131314d4677567a697062767259534b506370726166744d2f5a486b47594a4866612b786f6344424867326f3350516d64576e506445627239522b56584f223b73746f72655f666c6173687c733a32363a2250656e646166746172616e20616b756e20626572686173696c21223b5f5f63695f766172737c613a313a7b733a31313a2273746f72655f666c617368223b733a333a226f6c64223b7d),
('2ldc49vfg9f7gl1r7b699fds4vk70jc0', '127.0.0.1', 1705071917, 0x5f5f63695f6c6173745f726567656e65726174657c693a313730353037313931373b5f5f4143544956455f53455353494f4e5f444154417c733a3235363a22633865313334656638636235346163386261346261323739643535386538643932633436633032313064353235373331366433366130396538663065653630303733653730616562363966616539626463383135633234356236313434343239393364633833623665613130383961643765616166353463383536663231373064743939366c4571794b506a4d3372754c3967723569687750644a3754616274583535487273382f62306453456c47625969554a5a36477977784f304b48705433584131314d4677567a697062767259534b506370726166744d2f5a486b47594a4866612b786f6344424867326f3350516d64576e506445627239522b56584f223b),
('00i6ipsibr0ukpfr0h35kpsktjvluh0u', '127.0.0.1', 1705072252, 0x5f5f63695f6c6173745f726567656e65726174657c693a313730353037323235323b5f5f4143544956455f53455353494f4e5f444154417c733a3235363a22633865313334656638636235346163386261346261323739643535386538643932633436633032313064353235373331366433366130396538663065653630303733653730616562363966616539626463383135633234356236313434343239393364633833623665613130383961643765616166353463383536663231373064743939366c4571794b506a4d3372754c3967723569687750644a3754616274583535487273382f62306453456c47625969554a5a36477977784f304b48705433584131314d4677567a697062767259534b506370726166744d2f5a486b47594a4866612b786f6344424867326f3350516d64576e506445627239522b56584f223b),
('g9oud7lghmka4p3i9gg4h2k171eoqf7v', '127.0.0.1', 1705072673, 0x5f5f63695f6c6173745f726567656e65726174657c693a313730353037323637333b5f5f4143544956455f53455353494f4e5f444154417c733a3235363a22633865313334656638636235346163386261346261323739643535386538643932633436633032313064353235373331366433366130396538663065653630303733653730616562363966616539626463383135633234356236313434343239393364633833623665613130383961643765616166353463383536663231373064743939366c4571794b506a4d3372754c3967723569687750644a3754616274583535487273382f62306453456c47625969554a5a36477977784f304b48705433584131314d4677567a697062767259534b506370726166744d2f5a486b47594a4866612b786f6344424867326f3350516d64576e506445627239522b56584f223b636172745f636f6e74656e74737c613a333a7b733a31303a22636172745f746f74616c223b643a313230303030303b733a31313a22746f74616c5f6974656d73223b643a313b733a33323a223166306533646164393939303833343566373433396638666661626466666334223b613a363a7b733a323a226964223b733a323a223139223b733a333a22717479223b643a313b733a353a227072696365223b643a313230303030303b733a343a226e616d65223b733a32353a2250616b6574204c69627572616e20546f7572204c6f6d626f6b223b733a353a22726f776964223b733a33323a223166306533646164393939303833343566373433396638666661626466666334223b733a383a22737562746f74616c223b643a313230303030303b7d7d),
('9b9ri5apul4pct6bkqjrqen90de4guk7', '127.0.0.1', 1705073153, 0x5f5f63695f6c6173745f726567656e65726174657c693a313730353037333135333b5f5f4143544956455f53455353494f4e5f444154417c733a3235363a22633865313334656638636235346163386261346261323739643535386538643932633436633032313064353235373331366433366130396538663065653630303733653730616562363966616539626463383135633234356236313434343239393364633833623665613130383961643765616166353463383536663231373064743939366c4571794b506a4d3372754c3967723569687750644a3754616274583535487273382f62306453456c47625969554a5a36477977784f304b48705433584131314d4677567a697062767259534b506370726166744d2f5a486b47594a4866612b786f6344424867326f3350516d64576e506445627239522b56584f223b636172745f636f6e74656e74737c613a333a7b733a31303a22636172745f746f74616c223b643a313230303030303b733a31313a22746f74616c5f6974656d73223b643a313b733a33323a223166306533646164393939303833343566373433396638666661626466666334223b613a363a7b733a323a226964223b733a323a223139223b733a333a22717479223b643a313b733a353a227072696365223b643a313230303030303b733a343a226e616d65223b733a32353a2250616b6574204c69627572616e20546f7572204c6f6d626f6b223b733a353a22726f776964223b733a33323a223166306533646164393939303833343566373433396638666661626466666334223b733a383a22737562746f74616c223b643a313230303030303b7d7d6f726465725f7175616e746974797c613a313a7b693a31393b613a323a7b733a333a22717479223b643a313b733a353a227072696365223b643a313230303030303b7d7d746f74616c5f70726963657c643a313230303030303b),
('sdqvq2f1lh0semh8e73rhqf4m85bkmm4', '127.0.0.1', 1705073461, 0x5f5f63695f6c6173745f726567656e65726174657c693a313730353037333436313b5f5f4143544956455f53455353494f4e5f444154417c733a3235363a22633865313334656638636235346163386261346261323739643535386538643932633436633032313064353235373331366433366130396538663065653630303733653730616562363966616539626463383135633234356236313434343239393364633833623665613130383961643765616166353463383536663231373064743939366c4571794b506a4d3372754c3967723569687750644a3754616274583535487273382f62306453456c47625969554a5a36477977784f304b48705433584131314d4677567a697062767259534b506370726166744d2f5a486b47594a4866612b786f6344424867326f3350516d64576e506445627239522b56584f223b6f726465725f666c6173687c733a32363a224f7264657220626572686173696c20646974616d6261686b616e223b5f5f63695f766172737c613a313a7b733a31313a226f726465725f666c617368223b733a333a226f6c64223b7d),
('q1tp1loeonh789c19p3ggp7t8hmjjhlf', '127.0.0.1', 1705073785, 0x5f5f63695f6c6173745f726567656e65726174657c693a313730353037333738353b7265646972656374696f6e7c4e3b5f5f4143544956455f53455353494f4e5f444154417c733a3235363a223433366234653533353365313533363238363932663366326232653063646465653462623436666236323265643133623431633537613233353062616239666633626439333137643637353738366263376534376565343131316134316532373238646432393338323662363261333337353637353263636166383361613736536c5672304c6f38306259614d5169753263617959514c573247376d386d415a504b6a55566f766b465a6738424578492f437834364f786b4b5544536f745054596977584c70414a6d4353306a7a737565723143623343687a2b6e68435a4c6145615a684c795062363831332f6f43793338416d58426569322f52506b386c2b223b),
('jogpmbse9j287jncmlhe21btvdnplnmf', '127.0.0.1', 1705074089, 0x5f5f63695f6c6173745f726567656e65726174657c693a313730353037343038393b7265646972656374696f6e7c4e3b5f5f4143544956455f53455353494f4e5f444154417c733a3235363a223433366234653533353365313533363238363932663366326232653063646465653462623436666236323265643133623431633537613233353062616239666633626439333137643637353738366263376534376565343131316134316532373238646432393338323662363261333337353637353263636166383361613736536c5672304c6f38306259614d5169753263617959514c573247376d386d415a504b6a55566f766b465a6738424578492f437834364f786b4b5544536f745054596977584c70414a6d4353306a7a737565723143623343687a2b6e68435a4c6145615a684c795062363831332f6f43793338416d58426569322f52506b386c2b223b),
('h97sc9c9hm5eq4ts69n6h9tmtc72n8bl', '127.0.0.1', 1705075719, 0x5f5f63695f6c6173745f726567656e65726174657c693a313730353037353731393b7265646972656374696f6e7c4e3b6c6f67696e5f666c6173687c733a31363a22426572686173696c206c6f676f757421223b5f5f63695f766172737c613a313a7b733a31313a226c6f67696e5f666c617368223b733a333a226f6c64223b7d),
('fugebmfmor7avuvbkbut98fnm591mpk1', '::1', 1705074659, 0x5f5f63695f6c6173745f726567656e65726174657c693a313730353037343635393b7265646972656374696f6e7c4e3b5f5f4143544956455f53455353494f4e5f444154417c733a3235363a2264363364333030386331663232363037633064383437396332393639323838326438346338633961336637386162303536303232363666306363336363633565303039376236656461356239613530346365643136353138353537333037306265656538663830306235646565313237623664396366376165656664316362382b42416d4b41425163644742414d36452f436b687a67426c5047536979575a504b51683773375850374d6a336c7162735255755a346a77416c536e67556a306e4f546a2f6d476356314c72506d4c494166783136347136376137704272476f78706c766d665a6f4c6e7a2f466873316e6f527349554f6f6349614f5965484650223b),
('snujhv1koq6u1pv6dku03eg4cb8u1nen', '::1', 1705074974, 0x5f5f63695f6c6173745f726567656e65726174657c693a313730353037343937343b7265646972656374696f6e7c4e3b5f5f4143544956455f53455353494f4e5f444154417c733a3235363a2264363364333030386331663232363037633064383437396332393639323838326438346338633961336637386162303536303232363666306363336363633565303039376236656461356239613530346365643136353138353537333037306265656538663830306235646565313237623664396366376165656664316362382b42416d4b41425163644742414d36452f436b687a67426c5047536979575a504b51683773375850374d6a336c7162735255755a346a77416c536e67556a306e4f546a2f6d476356314c72506d4c494166783136347136376137704272476f78706c766d665a6f4c6e7a2f466873316e6f527349554f6f6349614f5965484650223b),
('uqip3i9ldat7nhs7od9u3arbhk65h4lu', '::1', 1705075290, 0x5f5f63695f6c6173745f726567656e65726174657c693a313730353037353239303b7265646972656374696f6e7c4e3b5f5f4143544956455f53455353494f4e5f444154417c733a3235363a2264363364333030386331663232363037633064383437396332393639323838326438346338633961336637386162303536303232363666306363336363633565303039376236656461356239613530346365643136353138353537333037306265656538663830306235646565313237623664396366376165656664316362382b42416d4b41425163644742414d36452f436b687a67426c5047536979575a504b51683773375850374d6a336c7162735255755a346a77416c536e67556a306e4f546a2f6d476356314c72506d4c494166783136347136376137704272476f78706c766d665a6f4c6e7a2f466873316e6f527349554f6f6349614f5965484650223b),
('uj675d56mhmlh6fkcm0org7d7mh3l4d7', '::1', 1705075830, 0x5f5f63695f6c6173745f726567656e65726174657c693a313730353037353833303b7265646972656374696f6e7c4e3b5f5f4143544956455f53455353494f4e5f444154417c733a3235363a22643036633363373731646138353334643061363035336139666566373030613566336666363737386434623032653264613863376364356538396666376564333039386134643735353364306366643436356336616537663965636534656138343463313838346563633930656135373162666466646563313238333332313253376a36776a676174444c374d7a2b773838643046367a68597144494442795244365448544245496c4147787347707149496f345449554e4a687072597a554352336649396b774b637a364169534741334b306b4c357565517a4a6449646372474b62595959636462474f4e6b6439485a66547a664f7370666c696c51757a65223b),
('6b3hlcqr08gvq1qk799up2inpakojpdp', '127.0.0.1', 1705075721, 0x5f5f63695f6c6173745f726567656e65726174657c693a313730353037353731393b7265646972656374696f6e7c4e3b),
('vn65se80tcn4smahifb5dbqgv2q1g3ll', '::1', 1705076154, 0x5f5f63695f6c6173745f726567656e65726174657c693a313730353037363135343b7265646972656374696f6e7c4e3b5f5f4143544956455f53455353494f4e5f444154417c733a3235363a22643036633363373731646138353334643061363035336139666566373030613566336666363737386434623032653264613863376364356538396666376564333039386134643735353364306366643436356336616537663965636534656138343463313838346563633930656135373162666466646563313238333332313253376a36776a676174444c374d7a2b773838643046367a68597144494442795244365448544245496c4147787347707149496f345449554e4a687072597a554352336649396b774b637a364169534741334b306b4c357565517a4a6449646372474b62595959636462474f4e6b6439485a66547a664f7370666c696c51757a65223b),
('kkpblqfg322vb69vc13dvv1g5an1ordr', '::1', 1705076539, 0x5f5f63695f6c6173745f726567656e65726174657c693a313730353037363533393b7265646972656374696f6e7c4e3b5f5f4143544956455f53455353494f4e5f444154417c733a3235363a22643036633363373731646138353334643061363035336139666566373030613566336666363737386434623032653264613863376364356538396666376564333039386134643735353364306366643436356336616537663965636534656138343463313838346563633930656135373162666466646563313238333332313253376a36776a676174444c374d7a2b773838643046367a68597144494442795244365448544245496c4147787347707149496f345449554e4a687072597a554352336649396b774b637a364169534741334b306b4c357565517a4a6449646372474b62595959636462474f4e6b6439485a66547a664f7370666c696c51757a65223b),
('3egaul7ei1tpve6fiv6dqtj8he6b24t3', '::1', 1705077115, 0x5f5f63695f6c6173745f726567656e65726174657c693a313730353037373131353b7265646972656374696f6e7c4e3b5f5f4143544956455f53455353494f4e5f444154417c733a3235363a22643036633363373731646138353334643061363035336139666566373030613566336666363737386434623032653264613863376364356538396666376564333039386134643735353364306366643436356336616537663965636534656138343463313838346563633930656135373162666466646563313238333332313253376a36776a676174444c374d7a2b773838643046367a68597144494442795244365448544245496c4147787347707149496f345449554e4a687072597a554352336649396b774b637a364169534741334b306b4c357565517a4a6449646372474b62595959636462474f4e6b6439485a66547a664f7370666c696c51757a65223b),
('5buie07o274hv3nd2mmf1b09pajnb5vl', '::1', 1705077430, 0x5f5f63695f6c6173745f726567656e65726174657c693a313730353037373433303b7265646972656374696f6e7c4e3b5f5f4143544956455f53455353494f4e5f444154417c733a3235363a22643036633363373731646138353334643061363035336139666566373030613566336666363737386434623032653264613863376364356538396666376564333039386134643735353364306366643436356336616537663965636534656138343463313838346563633930656135373162666466646563313238333332313253376a36776a676174444c374d7a2b773838643046367a68597144494442795244365448544245496c4147787347707149496f345449554e4a687072597a554352336649396b774b637a364169534741334b306b4c357565517a4a6449646372474b62595959636462474f4e6b6439485a66547a664f7370666c696c51757a65223b),
('iutmfrhdo7kut30854tsqe9fh3ipp0rk', '::1', 1705077794, 0x5f5f63695f6c6173745f726567656e65726174657c693a313730353037373739343b7265646972656374696f6e7c4e3b5f5f4143544956455f53455353494f4e5f444154417c733a3235363a22643036633363373731646138353334643061363035336139666566373030613566336666363737386434623032653264613863376364356538396666376564333039386134643735353364306366643436356336616537663965636534656138343463313838346563633930656135373162666466646563313238333332313253376a36776a676174444c374d7a2b773838643046367a68597144494442795244365448544245496c4147787347707149496f345449554e4a687072597a554352336649396b774b637a364169534741334b306b4c357565517a4a6449646372474b62595959636462474f4e6b6439485a66547a664f7370666c696c51757a65223b),
('tlvhcpmcbs2h7pli9i1a2uiqedq8805h', '::1', 1705078271, 0x5f5f63695f6c6173745f726567656e65726174657c693a313730353037383237313b7265646972656374696f6e7c4e3b5f5f4143544956455f53455353494f4e5f444154417c733a3235363a22643036633363373731646138353334643061363035336139666566373030613566336666363737386434623032653264613863376364356538396666376564333039386134643735353364306366643436356336616537663965636534656138343463313838346563633930656135373162666466646563313238333332313253376a36776a676174444c374d7a2b773838643046367a68597144494442795244365448544245496c4147787347707149496f345449554e4a687072597a554352336649396b774b637a364169534741334b306b4c357565517a4a6449646372474b62595959636462474f4e6b6439485a66547a664f7370666c696c51757a65223b),
('cmpkrkofkusm37fkdas03j5mp92oa14n', '::1', 1705078577, 0x5f5f63695f6c6173745f726567656e65726174657c693a313730353037383537373b7265646972656374696f6e7c4e3b5f5f4143544956455f53455353494f4e5f444154417c733a3235363a22643036633363373731646138353334643061363035336139666566373030613566336666363737386434623032653264613863376364356538396666376564333039386134643735353364306366643436356336616537663965636534656138343463313838346563633930656135373162666466646563313238333332313253376a36776a676174444c374d7a2b773838643046367a68597144494442795244365448544245496c4147787347707149496f345449554e4a687072597a554352336649396b774b637a364169534741334b306b4c357565517a4a6449646372474b62595959636462474f4e6b6439485a66547a664f7370666c696c51757a65223b),
('ifrfse7d1lggefsihk04ltsgd2b0ea5f', '::1', 1705078885, 0x5f5f63695f6c6173745f726567656e65726174657c693a313730353037383838353b7265646972656374696f6e7c4e3b5f5f4143544956455f53455353494f4e5f444154417c733a3235363a22643036633363373731646138353334643061363035336139666566373030613566336666363737386434623032653264613863376364356538396666376564333039386134643735353364306366643436356336616537663965636534656138343463313838346563633930656135373162666466646563313238333332313253376a36776a676174444c374d7a2b773838643046367a68597144494442795244365448544245496c4147787347707149496f345449554e4a687072597a554352336649396b774b637a364169534741334b306b4c357565517a4a6449646372474b62595959636462474f4e6b6439485a66547a664f7370666c696c51757a65223b),
('js5o13hbkqud9lgp0tgf6nhj2a52vu12', '::1', 1705079202, 0x5f5f63695f6c6173745f726567656e65726174657c693a313730353037393230323b7265646972656374696f6e7c4e3b5f5f4143544956455f53455353494f4e5f444154417c733a3235363a22643036633363373731646138353334643061363035336139666566373030613566336666363737386434623032653264613863376364356538396666376564333039386134643735353364306366643436356336616537663965636534656138343463313838346563633930656135373162666466646563313238333332313253376a36776a676174444c374d7a2b773838643046367a68597144494442795244365448544245496c4147787347707149496f345449554e4a687072597a554352336649396b774b637a364169534741334b306b4c357565517a4a6449646372474b62595959636462474f4e6b6439485a66547a664f7370666c696c51757a65223b),
('2jd3o796d4kipvop190j8sfjclsv8acp', '::1', 1705079506, 0x5f5f63695f6c6173745f726567656e65726174657c693a313730353037393530363b7265646972656374696f6e7c4e3b5f5f4143544956455f53455353494f4e5f444154417c733a3235363a22643036633363373731646138353334643061363035336139666566373030613566336666363737386434623032653264613863376364356538396666376564333039386134643735353364306366643436356336616537663965636534656138343463313838346563633930656135373162666466646563313238333332313253376a36776a676174444c374d7a2b773838643046367a68597144494442795244365448544245496c4147787347707149496f345449554e4a687072597a554352336649396b774b637a364169534741334b306b4c357565517a4a6449646372474b62595959636462474f4e6b6439485a66547a664f7370666c696c51757a65223b),
('ghsa5f78fre41s77ddh04puijs709ctv', '::1', 1705079848, 0x5f5f63695f6c6173745f726567656e65726174657c693a313730353037393834383b7265646972656374696f6e7c4e3b5f5f4143544956455f53455353494f4e5f444154417c733a3235363a22643036633363373731646138353334643061363035336139666566373030613566336666363737386434623032653264613863376364356538396666376564333039386134643735353364306366643436356336616537663965636534656138343463313838346563633930656135373162666466646563313238333332313253376a36776a676174444c374d7a2b773838643046367a68597144494442795244365448544245496c4147787347707149496f345449554e4a687072597a554352336649396b774b637a364169534741334b306b4c357565517a4a6449646372474b62595959636462474f4e6b6439485a66547a664f7370666c696c51757a65223b),
('nj33npkjnjecms69fu05glud96lso32i', '::1', 1705080179, 0x5f5f63695f6c6173745f726567656e65726174657c693a313730353038303137393b7265646972656374696f6e7c4e3b5f5f4143544956455f53455353494f4e5f444154417c733a3235363a22643036633363373731646138353334643061363035336139666566373030613566336666363737386434623032653264613863376364356538396666376564333039386134643735353364306366643436356336616537663965636534656138343463313838346563633930656135373162666466646563313238333332313253376a36776a676174444c374d7a2b773838643046367a68597144494442795244365448544245496c4147787347707149496f345449554e4a687072597a554352336649396b774b637a364169534741334b306b4c357565517a4a6449646372474b62595959636462474f4e6b6439485a66547a664f7370666c696c51757a65223b),
('ohkq7410h2j16kgjirodl3hacbr17i3k', '::1', 1705080503, 0x5f5f63695f6c6173745f726567656e65726174657c693a313730353038303530333b7265646972656374696f6e7c4e3b5f5f4143544956455f53455353494f4e5f444154417c733a3235363a22643036633363373731646138353334643061363035336139666566373030613566336666363737386434623032653264613863376364356538396666376564333039386134643735353364306366643436356336616537663965636534656138343463313838346563633930656135373162666466646563313238333332313253376a36776a676174444c374d7a2b773838643046367a68597144494442795244365448544245496c4147787347707149496f345449554e4a687072597a554352336649396b774b637a364169534741334b306b4c357565517a4a6449646372474b62595959636462474f4e6b6439485a66547a664f7370666c696c51757a65223b),
('sn59n5pvqnqqq1i9l56v9mgdbgac44a2', '::1', 1705080851, 0x5f5f63695f6c6173745f726567656e65726174657c693a313730353038303835313b7265646972656374696f6e7c4e3b5f5f4143544956455f53455353494f4e5f444154417c733a3235363a22643036633363373731646138353334643061363035336139666566373030613566336666363737386434623032653264613863376364356538396666376564333039386134643735353364306366643436356336616537663965636534656138343463313838346563633930656135373162666466646563313238333332313253376a36776a676174444c374d7a2b773838643046367a68597144494442795244365448544245496c4147787347707149496f345449554e4a687072597a554352336649396b774b637a364169534741334b306b4c357565517a4a6449646372474b62595959636462474f4e6b6439485a66547a664f7370666c696c51757a65223b),
('oselcpaefl9cv8is6al6lgr4mkctv5op', '::1', 1705081282, 0x5f5f63695f6c6173745f726567656e65726174657c693a313730353038313238323b7265646972656374696f6e7c4e3b5f5f4143544956455f53455353494f4e5f444154417c733a3235363a22643036633363373731646138353334643061363035336139666566373030613566336666363737386434623032653264613863376364356538396666376564333039386134643735353364306366643436356336616537663965636534656138343463313838346563633930656135373162666466646563313238333332313253376a36776a676174444c374d7a2b773838643046367a68597144494442795244365448544245496c4147787347707149496f345449554e4a687072597a554352336649396b774b637a364169534741334b306b4c357565517a4a6449646372474b62595959636462474f4e6b6439485a66547a664f7370666c696c51757a65223b),
('n3s4328lq1vm3fikqu6bne7am9fjvcm8', '::1', 1705081731, 0x5f5f63695f6c6173745f726567656e65726174657c693a313730353038313733313b7265646972656374696f6e7c4e3b5f5f4143544956455f53455353494f4e5f444154417c733a3235363a22643036633363373731646138353334643061363035336139666566373030613566336666363737386434623032653264613863376364356538396666376564333039386134643735353364306366643436356336616537663965636534656138343463313838346563633930656135373162666466646563313238333332313253376a36776a676174444c374d7a2b773838643046367a68597144494442795244365448544245496c4147787347707149496f345449554e4a687072597a554352336649396b774b637a364169534741334b306b4c357565517a4a6449646372474b62595959636462474f4e6b6439485a66547a664f7370666c696c51757a65223b),
('0i43givd7bdl6tl5h1s667i8f43enim0', '::1', 1705082057, 0x5f5f63695f6c6173745f726567656e65726174657c693a313730353038323035373b7265646972656374696f6e7c4e3b5f5f4143544956455f53455353494f4e5f444154417c733a3235363a22643036633363373731646138353334643061363035336139666566373030613566336666363737386434623032653264613863376364356538396666376564333039386134643735353364306366643436356336616537663965636534656138343463313838346563633930656135373162666466646563313238333332313253376a36776a676174444c374d7a2b773838643046367a68597144494442795244365448544245496c4147787347707149496f345449554e4a687072597a554352336649396b774b637a364169534741334b306b4c357565517a4a6449646372474b62595959636462474f4e6b6439485a66547a664f7370666c696c51757a65223b),
('m33rvb76r41lg80kn6f4etr9q7tnbs0q', '::1', 1705082379, 0x5f5f63695f6c6173745f726567656e65726174657c693a313730353038323337393b7265646972656374696f6e7c4e3b5f5f4143544956455f53455353494f4e5f444154417c733a3235363a22643036633363373731646138353334643061363035336139666566373030613566336666363737386434623032653264613863376364356538396666376564333039386134643735353364306366643436356336616537663965636534656138343463313838346563633930656135373162666466646563313238333332313253376a36776a676174444c374d7a2b773838643046367a68597144494442795244365448544245496c4147787347707149496f345449554e4a687072597a554352336649396b774b637a364169534741334b306b4c357565517a4a6449646372474b62595959636462474f4e6b6439485a66547a664f7370666c696c51757a65223b),
('ur4i1fejjptmc88kf60bm88g3lc6ofla', '::1', 1705082700, 0x5f5f63695f6c6173745f726567656e65726174657c693a313730353038323730303b7265646972656374696f6e7c4e3b5f5f4143544956455f53455353494f4e5f444154417c733a3235363a22643036633363373731646138353334643061363035336139666566373030613566336666363737386434623032653264613863376364356538396666376564333039386134643735353364306366643436356336616537663965636534656138343463313838346563633930656135373162666466646563313238333332313253376a36776a676174444c374d7a2b773838643046367a68597144494442795244365448544245496c4147787347707149496f345449554e4a687072597a554352336649396b774b637a364169534741334b306b4c357565517a4a6449646372474b62595959636462474f4e6b6439485a66547a664f7370666c696c51757a65223b),
('l2ilpkqut5an0j4ad4hsd4lts48l1829', '::1', 1705083026, 0x5f5f63695f6c6173745f726567656e65726174657c693a313730353038333032363b7265646972656374696f6e7c4e3b5f5f4143544956455f53455353494f4e5f444154417c733a3235363a22643036633363373731646138353334643061363035336139666566373030613566336666363737386434623032653264613863376364356538396666376564333039386134643735353364306366643436356336616537663965636534656138343463313838346563633930656135373162666466646563313238333332313253376a36776a676174444c374d7a2b773838643046367a68597144494442795244365448544245496c4147787347707149496f345449554e4a687072597a554352336649396b774b637a364169534741334b306b4c357565517a4a6449646372474b62595959636462474f4e6b6439485a66547a664f7370666c696c51757a65223b),
('a8tt8bhlrf71iocsic2g5uiun2ut79ce', '::1', 1705083345, 0x5f5f63695f6c6173745f726567656e65726174657c693a313730353038333334353b7265646972656374696f6e7c4e3b5f5f4143544956455f53455353494f4e5f444154417c733a3235363a22643036633363373731646138353334643061363035336139666566373030613566336666363737386434623032653264613863376364356538396666376564333039386134643735353364306366643436356336616537663965636534656138343463313838346563633930656135373162666466646563313238333332313253376a36776a676174444c374d7a2b773838643046367a68597144494442795244365448544245496c4147787347707149496f345449554e4a687072597a554352336649396b774b637a364169534741334b306b4c357565517a4a6449646372474b62595959636462474f4e6b6439485a66547a664f7370666c696c51757a65223b),
('q1nv9kk57ev0fhk4hur85a7ppc64n6k1', '::1', 1705083653, 0x5f5f63695f6c6173745f726567656e65726174657c693a313730353038333635333b7265646972656374696f6e7c4e3b5f5f4143544956455f53455353494f4e5f444154417c733a3235363a22643036633363373731646138353334643061363035336139666566373030613566336666363737386434623032653264613863376364356538396666376564333039386134643735353364306366643436356336616537663965636534656138343463313838346563633930656135373162666466646563313238333332313253376a36776a676174444c374d7a2b773838643046367a68597144494442795244365448544245496c4147787347707149496f345449554e4a687072597a554352336649396b774b637a364169534741334b306b4c357565517a4a6449646372474b62595959636462474f4e6b6439485a66547a664f7370666c696c51757a65223b),
('muhrop9djobmookbiiojt0j0qt4m9gv5', '::1', 1705083959, 0x5f5f63695f6c6173745f726567656e65726174657c693a313730353038333935393b7265646972656374696f6e7c4e3b5f5f4143544956455f53455353494f4e5f444154417c733a3235363a22643036633363373731646138353334643061363035336139666566373030613566336666363737386434623032653264613863376364356538396666376564333039386134643735353364306366643436356336616537663965636534656138343463313838346563633930656135373162666466646563313238333332313253376a36776a676174444c374d7a2b773838643046367a68597144494442795244365448544245496c4147787347707149496f345449554e4a687072597a554352336649396b774b637a364169534741334b306b4c357565517a4a6449646372474b62595959636462474f4e6b6439485a66547a664f7370666c696c51757a65223b),
('3qtjeihecosgfe30uui7tgs0v0ami5ht', '::1', 1705084289, 0x5f5f63695f6c6173745f726567656e65726174657c693a313730353038343238393b7265646972656374696f6e7c4e3b5f5f4143544956455f53455353494f4e5f444154417c733a3235363a22643036633363373731646138353334643061363035336139666566373030613566336666363737386434623032653264613863376364356538396666376564333039386134643735353364306366643436356336616537663965636534656138343463313838346563633930656135373162666466646563313238333332313253376a36776a676174444c374d7a2b773838643046367a68597144494442795244365448544245496c4147787347707149496f345449554e4a687072597a554352336649396b774b637a364169534741334b306b4c357565517a4a6449646372474b62595959636462474f4e6b6439485a66547a664f7370666c696c51757a65223b),
('b50qi3j2o74m29r8op4ifc5ppt0h4im8', '::1', 1705084615, 0x5f5f63695f6c6173745f726567656e65726174657c693a313730353038343631353b7265646972656374696f6e7c4e3b5f5f4143544956455f53455353494f4e5f444154417c733a3235363a22643036633363373731646138353334643061363035336139666566373030613566336666363737386434623032653264613863376364356538396666376564333039386134643735353364306366643436356336616537663965636534656138343463313838346563633930656135373162666466646563313238333332313253376a36776a676174444c374d7a2b773838643046367a68597144494442795244365448544245496c4147787347707149496f345449554e4a687072597a554352336649396b774b637a364169534741334b306b4c357565517a4a6449646372474b62595959636462474f4e6b6439485a66547a664f7370666c696c51757a65223b),
('0s58hkg1fv4ulsb9nrnqlvonju7j9knt', '::1', 1705084917, 0x5f5f63695f6c6173745f726567656e65726174657c693a313730353038343931373b7265646972656374696f6e7c4e3b5f5f4143544956455f53455353494f4e5f444154417c733a3235363a22643036633363373731646138353334643061363035336139666566373030613566336666363737386434623032653264613863376364356538396666376564333039386134643735353364306366643436356336616537663965636534656138343463313838346563633930656135373162666466646563313238333332313253376a36776a676174444c374d7a2b773838643046367a68597144494442795244365448544245496c4147787347707149496f345449554e4a687072597a554352336649396b774b637a364169534741334b306b4c357565517a4a6449646372474b62595959636462474f4e6b6439485a66547a664f7370666c696c51757a65223b),
('colro4spvragb6gr70sljjsspavim49q', '::1', 1705085229, 0x5f5f63695f6c6173745f726567656e65726174657c693a313730353038353232393b7265646972656374696f6e7c4e3b5f5f4143544956455f53455353494f4e5f444154417c733a3235363a22643036633363373731646138353334643061363035336139666566373030613566336666363737386434623032653264613863376364356538396666376564333039386134643735353364306366643436356336616537663965636534656138343463313838346563633930656135373162666466646563313238333332313253376a36776a676174444c374d7a2b773838643046367a68597144494442795244365448544245496c4147787347707149496f345449554e4a687072597a554352336649396b774b637a364169534741334b306b4c357565517a4a6449646372474b62595959636462474f4e6b6439485a66547a664f7370666c696c51757a65223b),
('bhrhtmme00fkt5vb24drd2uv60u44fmp', '::1', 1705085536, 0x5f5f63695f6c6173745f726567656e65726174657c693a313730353038353533363b7265646972656374696f6e7c4e3b5f5f4143544956455f53455353494f4e5f444154417c733a3235363a22643036633363373731646138353334643061363035336139666566373030613566336666363737386434623032653264613863376364356538396666376564333039386134643735353364306366643436356336616537663965636534656138343463313838346563633930656135373162666466646563313238333332313253376a36776a676174444c374d7a2b773838643046367a68597144494442795244365448544245496c4147787347707149496f345449554e4a687072597a554352336649396b774b637a364169534741334b306b4c357565517a4a6449646372474b62595959636462474f4e6b6439485a66547a664f7370666c696c51757a65223b),
('kac9jn1n45kqglq8o14h8oeihagg19dp', '::1', 1705086810, 0x5f5f63695f6c6173745f726567656e65726174657c693a313730353038363831303b7265646972656374696f6e7c4e3b5f5f4143544956455f53455353494f4e5f444154417c733a3235363a22643036633363373731646138353334643061363035336139666566373030613566336666363737386434623032653264613863376364356538396666376564333039386134643735353364306366643436356336616537663965636534656138343463313838346563633930656135373162666466646563313238333332313253376a36776a676174444c374d7a2b773838643046367a68597144494442795244365448544245496c4147787347707149496f345449554e4a687072597a554352336649396b774b637a364169534741334b306b4c357565517a4a6449646372474b62595959636462474f4e6b6439485a66547a664f7370666c696c51757a65223b),
('78qd3eghi3e6qr5f04i2562piu4rj4s4', '::1', 1705087248, 0x5f5f63695f6c6173745f726567656e65726174657c693a313730353038373234383b7265646972656374696f6e7c4e3b5f5f4143544956455f53455353494f4e5f444154417c733a3235363a22383739326634306161626530643530383837373437326566376637386332336332633362643430653538303630366137306530303538643531646630313231313835303437653761343833353436666330613336303033366239373535396236643234333938643331653833346632323231616535376265633637366132396243556e647736593453506252304732774f596f796e6c455951577477784d6b7365344c6f33674b434d7a7459777263593454566b38303774584f76795a38303436636c3161516738336f684d582f4b342b45507a34683638355651723547384d473632717a4b71525635664f7553535037725575465a463466676d5042664e46223b636172745f636f6e74656e74737c613a333a7b733a31303a22636172745f746f74616c223b643a313230303030303b733a31313a22746f74616c5f6974656d73223b643a313b733a33323a223166306533646164393939303833343566373433396638666661626466666334223b613a363a7b733a323a226964223b733a323a223139223b733a333a22717479223b643a313b733a353a227072696365223b643a313230303030303b733a343a226e616d65223b733a32353a2250616b6574204c69627572616e20546f7572204c6f6d626f6b223b733a353a22726f776964223b733a33323a223166306533646164393939303833343566373433396638666661626466666334223b733a383a22737562746f74616c223b643a313230303030303b7d7d),
('psmk7d1c03gg4ootota737bot9pkrlto', '127.0.0.1', 1705087178, 0x5f5f63695f6c6173745f726567656e65726174657c693a313730353038373135353b),
('b8bah0fjleujce3u426lnl5l4kb6n44k', '::1', 1705087727, 0x5f5f63695f6c6173745f726567656e65726174657c693a313730353038373732373b7265646972656374696f6e7c4e3b5f5f4143544956455f53455353494f4e5f444154417c733a3235363a22383739326634306161626530643530383837373437326566376637386332336332633362643430653538303630366137306530303538643531646630313231313835303437653761343833353436666330613336303033366239373535396236643234333938643331653833346632323231616535376265633637366132396243556e647736593453506252304732774f596f796e6c455951577477784d6b7365344c6f33674b434d7a7459777263593454566b38303774584f76795a38303436636c3161516738336f684d582f4b342b45507a34683638355651723547384d473632717a4b71525635664f7553535037725575465a463466676d5042664e46223b636172745f636f6e74656e74737c613a333a7b733a31303a22636172745f746f74616c223b643a313230303030303b733a31313a22746f74616c5f6974656d73223b643a313b733a33323a223166306533646164393939303833343566373433396638666661626466666334223b613a363a7b733a323a226964223b733a323a223139223b733a333a22717479223b643a313b733a353a227072696365223b643a313230303030303b733a343a226e616d65223b733a32353a2250616b6574204c69627572616e20546f7572204c6f6d626f6b223b733a353a22726f776964223b733a33323a223166306533646164393939303833343566373433396638666661626466666334223b733a383a22737562746f74616c223b643a313230303030303b7d7d6f726465725f7175616e746974797c613a313a7b693a31393b613a323a7b733a333a22717479223b643a313b733a353a227072696365223b643a313230303030303b7d7d746f74616c5f70726963657c643a313230303030303b),
('hdc5bbreae6to1tgd6mi439b536pagia', '::1', 1705088086, 0x5f5f63695f6c6173745f726567656e65726174657c693a313730353038383038363b7265646972656374696f6e7c4e3b636172745f636f6e74656e74737c613a333a7b733a31303a22636172745f746f74616c223b643a313230303030303b733a31313a22746f74616c5f6974656d73223b643a313b733a33323a223166306533646164393939303833343566373433396638666661626466666334223b613a363a7b733a323a226964223b733a323a223139223b733a333a22717479223b643a313b733a353a227072696365223b643a313230303030303b733a343a226e616d65223b733a32353a2250616b6574204c69627572616e20546f7572204c6f6d626f6b223b733a353a22726f776964223b733a33323a223166306533646164393939303833343566373433396638666661626466666334223b733a383a22737562746f74616c223b643a313230303030303b7d7d6f726465725f7175616e746974797c613a313a7b693a31393b613a323a7b733a333a22717479223b643a313b733a353a227072696365223b643a313230303030303b7d7d746f74616c5f70726963657c643a313230303030303b5f5f4143544956455f53455353494f4e5f444154417c733a3235363a22373237626463353535306538303938366639396539366239616230306532336337376664353266656636393339366333333362303635613662613432373864373062326465373438663030653562363631633838303639616534643935633737383462623961626638393439383531346663633832336431323130333664326154307549303830794e59506141354669304973787a57376d7a6c38546566432f703576326e6a6d624b436e4e6c6d61576a6a38753930556147484e55376e48417a32485a4e42626d743566314568696243455275637072775552714d313178444259437831656666776d693749526b6b4d413942383846334b306e4b58624b4d223b),
('33t1i2e619q946u9ppq9v6fuo599559v', '::1', 1705091849, 0x5f5f63695f6c6173745f726567656e65726174657c693a313730353039313834393b7265646972656374696f6e7c4e3b636172745f636f6e74656e74737c613a333a7b733a31303a22636172745f746f74616c223b643a313230303030303b733a31313a22746f74616c5f6974656d73223b643a313b733a33323a223166306533646164393939303833343566373433396638666661626466666334223b613a363a7b733a323a226964223b733a323a223139223b733a333a22717479223b643a313b733a353a227072696365223b643a313230303030303b733a343a226e616d65223b733a32353a2250616b6574204c69627572616e20546f7572204c6f6d626f6b223b733a353a22726f776964223b733a33323a223166306533646164393939303833343566373433396638666661626466666334223b733a383a22737562746f74616c223b643a313230303030303b7d7d6f726465725f7175616e746974797c613a313a7b693a31393b613a323a7b733a333a22717479223b643a313b733a353a227072696365223b643a313230303030303b7d7d746f74616c5f70726963657c643a313230303030303b5f5f4143544956455f53455353494f4e5f444154417c733a3235363a22373237626463353535306538303938366639396539366239616230306532336337376664353266656636393339366333333362303635613662613432373864373062326465373438663030653562363631633838303639616534643935633737383462623961626638393439383531346663633832336431323130333664326154307549303830794e59506141354669304973787a57376d7a6c38546566432f703576326e6a6d624b436e4e6c6d61576a6a38753930556147484e55376e48417a32485a4e42626d743566314568696243455275637072775552714d313178444259437831656666776d693749526b6b4d413942383846334b306e4b58624b4d223b),
('qdhlg7tt5mo0cec481v908bfug7fu3mg', '::1', 1705091863, 0x5f5f63695f6c6173745f726567656e65726174657c693a313730353039313834393b7265646972656374696f6e7c4e3b636172745f636f6e74656e74737c613a333a7b733a31303a22636172745f746f74616c223b643a313230303030303b733a31313a22746f74616c5f6974656d73223b643a313b733a33323a223166306533646164393939303833343566373433396638666661626466666334223b613a363a7b733a323a226964223b733a323a223139223b733a333a22717479223b643a313b733a353a227072696365223b643a313230303030303b733a343a226e616d65223b733a32353a2250616b6574204c69627572616e20546f7572204c6f6d626f6b223b733a353a22726f776964223b733a33323a223166306533646164393939303833343566373433396638666661626466666334223b733a383a22737562746f74616c223b643a313230303030303b7d7d6f726465725f7175616e746974797c613a313a7b693a31393b613a323a7b733a333a22717479223b643a313b733a353a227072696365223b643a313230303030303b7d7d746f74616c5f70726963657c643a313230303030303b5f5f4143544956455f53455353494f4e5f444154417c733a3235363a22373237626463353535306538303938366639396539366239616230306532336337376664353266656636393339366333333362303635613662613432373864373062326465373438663030653562363631633838303639616534643935633737383462623961626638393439383531346663633832336431323130333664326154307549303830794e59506141354669304973787a57376d7a6c38546566432f703576326e6a6d624b436e4e6c6d61576a6a38753930556147484e55376e48417a32485a4e42626d743566314568696243455275637072775552714d313178444259437831656666776d693749526b6b4d413942383846334b306e4b58624b4d223b),
('q1uc85nom97ho1h21oq9mjj5fdo932ks', '::1', 1705139014, 0x5f5f63695f6c6173745f726567656e65726174657c693a313730353133393031343b6c6f67696e5f666c6173687c733a31373a22416e64612062656c756d206c6f67696e21223b5f5f63695f766172737c613a313a7b733a31313a226c6f67696e5f666c617368223b733a333a226f6c64223b7d7265646972656374696f6e7c4e3b),
('rk6p1d4ipjp4af2d8iqkhs0mk2i3g5dg', '::1', 1705139360, 0x5f5f63695f6c6173745f726567656e65726174657c693a313730353133393336303b7265646972656374696f6e7c4e3b5f5f4143544956455f53455353494f4e5f444154417c733a3235363a2230346334326561653638303632303431613335393761323339653831306365316233393462323638386366666538666666383865636566633761643635363531616364393662306663393934313230346333633564303633353033616135623166636130396635653237303531633539386631626266346533386163326133306e34627350556851305562484c3367704e6d704d7a7857646971546d5a6c445135314a4b6d7a36734e59772f57712b5a324263672f73677476647647734930356e76706d5a396351716653527746722f417463546d563859446750746f667765416c6a6d5055484f7a515737787751617669385a2b647646424b534e50505435223b),
('65rjif5sgu7f17v0iosqpcbn2k222hd8', '::1', 1705140010, 0x5f5f63695f6c6173745f726567656e65726174657c693a313730353134303031303b7265646972656374696f6e7c4e3b5f5f4143544956455f53455353494f4e5f444154417c733a3235363a2230346334326561653638303632303431613335393761323339653831306365316233393462323638386366666538666666383865636566633761643635363531616364393662306663393934313230346333633564303633353033616135623166636130396635653237303531633539386631626266346533386163326133306e34627350556851305562484c3367704e6d704d7a7857646971546d5a6c445135314a4b6d7a36734e59772f57712b5a324263672f73677476647647734930356e76706d5a396351716653527746722f417463546d563859446750746f667765416c6a6d5055484f7a515737787751617669385a2b647646424b534e50505435223b),
('89g0locacs5c9guoas2qg5902macnbll', '::1', 1705140334, 0x5f5f63695f6c6173745f726567656e65726174657c693a313730353134303333343b7265646972656374696f6e7c4e3b5f5f4143544956455f53455353494f4e5f444154417c733a3235363a2230346334326561653638303632303431613335393761323339653831306365316233393462323638386366666538666666383865636566633761643635363531616364393662306663393934313230346333633564303633353033616135623166636130396635653237303531633539386631626266346533386163326133306e34627350556851305562484c3367704e6d704d7a7857646971546d5a6c445135314a4b6d7a36734e59772f57712b5a324263672f73677476647647734930356e76706d5a396351716653527746722f417463546d563859446750746f667765416c6a6d5055484f7a515737787751617669385a2b647646424b534e50505435223b),
('gdc0u16355j3lre92bnj1n9uu6vu0cto', '::1', 1705140637, 0x5f5f63695f6c6173745f726567656e65726174657c693a313730353134303633373b7265646972656374696f6e7c4e3b5f5f4143544956455f53455353494f4e5f444154417c733a3235363a2230346334326561653638303632303431613335393761323339653831306365316233393462323638386366666538666666383865636566633761643635363531616364393662306663393934313230346333633564303633353033616135623166636130396635653237303531633539386631626266346533386163326133306e34627350556851305562484c3367704e6d704d7a7857646971546d5a6c445135314a4b6d7a36734e59772f57712b5a324263672f73677476647647734930356e76706d5a396351716653527746722f417463546d563859446750746f667765416c6a6d5055484f7a515737787751617669385a2b647646424b534e50505435223b),
('vv0g48oforf72b10lqn1hthbmr82shhe', '::1', 1705141034, 0x5f5f63695f6c6173745f726567656e65726174657c693a313730353134313033343b7265646972656374696f6e7c4e3b5f5f4143544956455f53455353494f4e5f444154417c733a3235363a2230346334326561653638303632303431613335393761323339653831306365316233393462323638386366666538666666383865636566633761643635363531616364393662306663393934313230346333633564303633353033616135623166636130396635653237303531633539386631626266346533386163326133306e34627350556851305562484c3367704e6d704d7a7857646971546d5a6c445135314a4b6d7a36734e59772f57712b5a324263672f73677476647647734930356e76706d5a396351716653527746722f417463546d563859446750746f667765416c6a6d5055484f7a515737787751617669385a2b647646424b534e50505435223b),
('oac5if3f7mncefe3g50j221dtdl0tq4u', '::1', 1705141378, 0x5f5f63695f6c6173745f726567656e65726174657c693a313730353134313337383b7265646972656374696f6e7c4e3b5f5f4143544956455f53455353494f4e5f444154417c733a3235363a2230346334326561653638303632303431613335393761323339653831306365316233393462323638386366666538666666383865636566633761643635363531616364393662306663393934313230346333633564303633353033616135623166636130396635653237303531633539386631626266346533386163326133306e34627350556851305562484c3367704e6d704d7a7857646971546d5a6c445135314a4b6d7a36734e59772f57712b5a324263672f73677476647647734930356e76706d5a396351716653527746722f417463546d563859446750746f667765416c6a6d5055484f7a515737787751617669385a2b647646424b534e50505435223b),
('e6n1sb5jrammimsovhlt88skev9drrde', '::1', 1705141759, 0x5f5f63695f6c6173745f726567656e65726174657c693a313730353134313735393b7265646972656374696f6e7c4e3b5f5f4143544956455f53455353494f4e5f444154417c733a3235363a2230346334326561653638303632303431613335393761323339653831306365316233393462323638386366666538666666383865636566633761643635363531616364393662306663393934313230346333633564303633353033616135623166636130396635653237303531633539386631626266346533386163326133306e34627350556851305562484c3367704e6d704d7a7857646971546d5a6c445135314a4b6d7a36734e59772f57712b5a324263672f73677476647647734930356e76706d5a396351716653527746722f417463546d563859446750746f667765416c6a6d5055484f7a515737787751617669385a2b647646424b534e50505435223b),
('p8tpfiknc4e94p8prmroav8gslud915o', '::1', 1705142089, 0x5f5f63695f6c6173745f726567656e65726174657c693a313730353134323038393b7265646972656374696f6e7c4e3b5f5f4143544956455f53455353494f4e5f444154417c733a3235363a2230346334326561653638303632303431613335393761323339653831306365316233393462323638386366666538666666383865636566633761643635363531616364393662306663393934313230346333633564303633353033616135623166636130396635653237303531633539386631626266346533386163326133306e34627350556851305562484c3367704e6d704d7a7857646971546d5a6c445135314a4b6d7a36734e59772f57712b5a324263672f73677476647647734930356e76706d5a396351716653527746722f417463546d563859446750746f667765416c6a6d5055484f7a515737787751617669385a2b647646424b534e50505435223b),
('98j9vbmjg4jalq60nipmd9keafpf3uge', '::1', 1705142394, 0x5f5f63695f6c6173745f726567656e65726174657c693a313730353134323339343b7265646972656374696f6e7c4e3b5f5f4143544956455f53455353494f4e5f444154417c733a3235363a2230346334326561653638303632303431613335393761323339653831306365316233393462323638386366666538666666383865636566633761643635363531616364393662306663393934313230346333633564303633353033616135623166636130396635653237303531633539386631626266346533386163326133306e34627350556851305562484c3367704e6d704d7a7857646971546d5a6c445135314a4b6d7a36734e59772f57712b5a324263672f73677476647647734930356e76706d5a396351716653527746722f417463546d563859446750746f667765416c6a6d5055484f7a515737787751617669385a2b647646424b534e50505435223b),
('dumui2vvlhjqkgddp1d4iq7dmsfmaunp', '::1', 1705142695, 0x5f5f63695f6c6173745f726567656e65726174657c693a313730353134323639353b7265646972656374696f6e7c4e3b5f5f4143544956455f53455353494f4e5f444154417c733a3235363a2230346334326561653638303632303431613335393761323339653831306365316233393462323638386366666538666666383865636566633761643635363531616364393662306663393934313230346333633564303633353033616135623166636130396635653237303531633539386631626266346533386163326133306e34627350556851305562484c3367704e6d704d7a7857646971546d5a6c445135314a4b6d7a36734e59772f57712b5a324263672f73677476647647734930356e76706d5a396351716653527746722f417463546d563859446750746f667765416c6a6d5055484f7a515737787751617669385a2b647646424b534e50505435223b656469745f70726f647563745f666c6173687c733a32373a2250726f64756b20626572686173696c206469706572626172756921223b5f5f63695f766172737c613a313a7b733a31383a22656469745f70726f647563745f666c617368223b733a333a226f6c64223b7d),
('hi9caem92gh9kp637rc4u4vfcvq311ri', '::1', 1705143004, 0x5f5f63695f6c6173745f726567656e65726174657c693a313730353134333030343b7265646972656374696f6e7c4e3b5f5f4143544956455f53455353494f4e5f444154417c733a3235363a2230346334326561653638303632303431613335393761323339653831306365316233393462323638386366666538666666383865636566633761643635363531616364393662306663393934313230346333633564303633353033616135623166636130396635653237303531633539386631626266346533386163326133306e34627350556851305562484c3367704e6d704d7a7857646971546d5a6c445135314a4b6d7a36734e59772f57712b5a324263672f73677476647647734930356e76706d5a396351716653527746722f417463546d563859446750746f667765416c6a6d5055484f7a515737787751617669385a2b647646424b534e50505435223b),
('hpbgi5kmb9q0qnvhse6mffd2lj5kk2mf', '::1', 1705143310, 0x5f5f63695f6c6173745f726567656e65726174657c693a313730353134333331303b7265646972656374696f6e7c4e3b5f5f4143544956455f53455353494f4e5f444154417c733a3235363a2230346334326561653638303632303431613335393761323339653831306365316233393462323638386366666538666666383865636566633761643635363531616364393662306663393934313230346333633564303633353033616135623166636130396635653237303531633539386631626266346533386163326133306e34627350556851305562484c3367704e6d704d7a7857646971546d5a6c445135314a4b6d7a36734e59772f57712b5a324263672f73677476647647734930356e76706d5a396351716653527746722f417463546d563859446750746f667765416c6a6d5055484f7a515737787751617669385a2b647646424b534e50505435223b);
INSERT INTO `ci_sessions` (`id`, `ip_address`, `timestamp`, `data`) VALUES
('8u5q22rdvcqjb847d6omi6igqbamqhtn', '::1', 1705143644, 0x5f5f63695f6c6173745f726567656e65726174657c693a313730353134333634343b7265646972656374696f6e7c4e3b5f5f4143544956455f53455353494f4e5f444154417c733a3235363a2234646561366135356236346338396138376466333238396232623866623239666537346132383735333032393539366235376363313531623137383533643031346531376339643962313832636165393939323230643638323561306539613436363663316163386562623665646465616130376638303562646332336461624770344d514833544861326e6d4a4d544671506a6f6b7744587a756163626c71494a514433494e35444f6e627a3971466b79434f7266745548617859732b4c41444c524d38523572744b755051787569513679326c5a3467364a772b35384a34623353724363554c384c6c694b654f732b33723565415969515432737a397239223b),
('88515f0tma8p3i75cr5d6c115u5r7t23', '::1', 1705143947, 0x5f5f63695f6c6173745f726567656e65726174657c693a313730353134333934373b7265646972656374696f6e7c4e3b5f5f4143544956455f53455353494f4e5f444154417c733a3235363a2264363131373865386135333337326236343661663663343535636531616263303532613862363061613539383437383365623336333239313935336162386161613564393236643733653732663635383530393639653763666437393462623831323730616166386431623933316638383839333032373733613431616161667a6b79414e733358765636414874657a726837424566746e7576634c4d46453778725862697755617142745475532f615a5271634d4d49443633514f537861704f396d6b3048557274685943542f6a577573776a414672716a57506d4e336d4b5a447a684a364f4167522b444b7639554f4d6a645348764954364c5165317430223b),
('3k8o3g142nv4nf5jclt946t5bdu18oco', '::1', 1705144253, 0x5f5f63695f6c6173745f726567656e65726174657c693a313730353134343235333b7265646972656374696f6e7c4e3b5f5f4143544956455f53455353494f4e5f444154417c733a3235363a22636136623037313435386162666234623031393439366230616436613835373637653530303163346433626238383737323133663161333233303131333766336464363765633665643439313561316239323538666234393837313831613463393065316664323037643933313266343731656431343733613038353234316372394b357a45334b754753664437384b676378707339504e313036706a5752516a68426b2f52636f65534572665655623150764d482f6c474d4c55366433566e745a44554a33626449326c695753374f57587346424f4f545379366b6c51366552634554722b54522b462b692b5a6b6f6977686a53724e4f4775414d56333837223b),
('ob0rcola5u4l0b5624vg1nf0girgvn57', '::1', 1705144677, 0x5f5f63695f6c6173745f726567656e65726174657c693a313730353134343637373b7265646972656374696f6e7c4e3b6c6f67696e5f666c6173687c733a31363a22426572686173696c206c6f676f757421223b5f5f63695f766172737c613a313a7b733a31313a226c6f67696e5f666c617368223b733a333a226f6c64223b7d),
('a3211qu6ou0u7sb4prk1me221csh0l1e', '::1', 1705144978, 0x5f5f63695f6c6173745f726567656e65726174657c693a313730353134343937383b7265646972656374696f6e7c4e3b5f5f4143544956455f53455353494f4e5f444154417c733a3235363a22396631636463353937346663363739353830313030326663653961346464656166613464336339383334613764623963326265383139363665393338306232323034643739313032356330633636623535326361613334666433323062306264376264343265666137653134393665613363666230666339613938376132613948477a2f75496851342f4e316568646d2b32614973304a6275366959685243754770526535672b386b524c494962434a7474517a6d50416d33306c59664c676f654746556f6d696669326170496d546d73764968544f3275577a616f5048484d2b4b6a6f56766d487366594b464849533431746c6374414f712b487752717348223b),
('34li8j7av3bh1qomad4accinbq3679ra', '::1', 1705145494, 0x5f5f63695f6c6173745f726567656e65726174657c693a313730353134353439343b7265646972656374696f6e7c4e3b),
('k82qlahsrsid6ckj0tkr3ph5t3matmbg', '::1', 1705145497, 0x5f5f63695f6c6173745f726567656e65726174657c693a313730353134353439343b7265646972656374696f6e7c4e3b),
('cov7gkp7bsm5pbj9eso43srmat7nbb93', '::1', 1705255807, 0x5f5f63695f6c6173745f726567656e65726174657c693a313730353235353537343b7265646972656374696f6e7c4e3b6c6f67696e5f666c6173687c733a31363a22426572686173696c206c6f676f757421223b5f5f63695f766172737c613a313a7b733a31313a226c6f67696e5f666c617368223b733a333a226f6c64223b7d),
('4904c31hc941nc6q6hpj5heulpa6n0kp', '::1', 1705265327, 0x5f5f63695f6c6173745f726567656e65726174657c693a313730353236353332363b7265646972656374696f6e7c4e3b),
('djh2gcr63iljm7qt7ec7ke755tpidqv2', '::1', 1705293295, 0x5f5f63695f6c6173745f726567656e65726174657c693a313730353239333239353b7265646972656374696f6e7c4e3b5f5f4143544956455f53455353494f4e5f444154417c733a3235363a226633353831643139333733333437336536633433613262326136363864663636383061383831316535313163363563333963333665396365383133653736386435666530346535616531323433623264386331303366306534643033333664663135613062353738323337383539363965383563323064323339353435343034476c4a636e6f455054534c68456856684c55694b4e4a516e557a4b4b6976634a4645302b3658666c5779554979545266793635394b4f374c7161494646643239436a377a66635762726a507a57436e41674b5931674f482b506142694544725773706770627969557354567567686e52573639512f786b6d536a564e6b6e364d223b),
('bq3r8p9r4o59b4djjuuivkqm585q9o7g', '::1', 1705299167, 0x5f5f63695f6c6173745f726567656e65726174657c693a313730353239393136373b7265646972656374696f6e7c4e3b6c6f67696e5f666c6173687c733a31363a22426572686173696c206c6f676f757421223b5f5f63695f766172737c613a313a7b733a31313a226c6f67696e5f666c617368223b733a333a226f6c64223b7d),
('1vscjfvk1difaunga8lq798e3ifkijnc', '::1', 1705299230, 0x5f5f63695f6c6173745f726567656e65726174657c693a313730353239393136373b7265646972656374696f6e7c4e3b6c6f67696e5f666c6173687c733a31363a22426572686173696c206c6f676f757421223b5f5f63695f766172737c613a313a7b733a31313a226c6f67696e5f666c617368223b733a333a226f6c64223b7d),
('stlg39krp1u48nftdfiq2nlsf9f85fsb', '::1', 1730973572, 0x5f5f63695f6c6173745f726567656e65726174657c693a313733303937333537323b),
('64qaji6ull43oo2cf4095l08u77f14ko', '::1', 1730973838, 0x5f5f63695f6c6173745f726567656e65726174657c693a313733303937333537323b),
('h5bu1mfh6uksc56dldquvso92dd3qdf2', '::1', 1730973947, 0x5f5f63695f6c6173745f726567656e65726174657c693a313733303937333835373b7265646972656374696f6e7c4e3b),
('mhm8j0sm8b6t0qbu2o3nn63jr3c13cjj', '::1', 1730974424, 0x5f5f63695f6c6173745f726567656e65726174657c693a313733303937343432343b7265646972656374696f6e7c4e3b5f5f4143544956455f53455353494f4e5f444154417c733a3235363a223730656632633532663463373266383738666333356330666466383335353934373236383361363132376463623430306538386162613339633231376566383463356336326334303362343466623861333732336638376133663633663338343865313261663432333130303965323664666665666636386232323339396637643577446c5862637a466551747866417254693147553658494473722b414a457a7a396f4e694a2b4c335255735765354748546e6c5333724668796235673945656146646c4d4e7132524e4958756d6977536b5771366c6669696b473045694e63554d4d6252717435664f7466375849702b334e59554330623846624d4d7951223b),
('7huiia0po6t7g2iaaas67qt0f2o9e8gd', '::1', 1730974756, 0x5f5f63695f6c6173745f726567656e65726174657c693a313733303937343735363b7265646972656374696f6e7c4e3b5f5f4143544956455f53455353494f4e5f444154417c733a3235363a22643964316136393231616235383037366639373663373066366531386263373431376131616138623734623461363666663831326365313563343030623839326166333665363039303034626365333265383766663137323466326136616237646631323637383561356463343665313362366635323265666661346564333644394f535a696950462f6b4f30755838356366334c586f43437743703439526233463378386432393277793951426352526959492b7a4c316e6e415477434e2b306b525a62394f6a57474c344259683733526c563773396d417a64596a44524136595347767a46337142744f757676336d746a73774c6c6c726f324838503973223b),
('fro0seliq8fni7q8rm6fml2ue4npr3gd', '::1', 1730975241, 0x5f5f63695f6c6173745f726567656e65726174657c693a313733303937353234313b7265646972656374696f6e7c733a36343a226148523063446f764c327876593246736147397a64446f344d4467774c324675644746796447393163693970626d526c6543357761484176595752746157343d223b),
('t0q810pgd7v8li3mi4jbcnt0kbbugbbe', '::1', 1730975830, 0x5f5f63695f6c6173745f726567656e65726174657c693a313733303937353833303b7265646972656374696f6e7c4e3b),
('a0tismo6a4fk1k147eov6f5tre7t0i78', '::1', 1730976216, 0x5f5f63695f6c6173745f726567656e65726174657c693a313733303937363231363b7265646972656374696f6e7c4e3b),
('j6baoo7geuiigr432h45behmmiadv19c', '127.0.0.1', 1730976134, 0x5f5f63695f6c6173745f726567656e65726174657c693a313733303937363133343b),
('4dp6mgoaelst8rperf1s44su62s65td8', '127.0.0.1', 1730976183, 0x5f5f63695f6c6173745f726567656e65726174657c693a313733303937363138333b),
('i2rgot1mpkvfppjscvk0ldl9v4im27qu', '::1', 1730976322, 0x5f5f63695f6c6173745f726567656e65726174657c693a313733303937363231363b7265646972656374696f6e7c4e3b),
('37e8m95ja212tp53lvs91j2torlu4utj', '::1', 1730976785, 0x5f5f63695f6c6173745f726567656e65726174657c693a313733303937363738353b),
('frk887oaqhdg5e8b9iarj50lucs39f79', '::1', 1730977600, 0x5f5f63695f6c6173745f726567656e65726174657c693a313733303937373630303b7265646972656374696f6e7c733a38383a226148523063446f764c327876593246736147397a64446f344d4467774c324675644746796447393163693970626d526c65433577614841765933567a644739745a58497662334a6b5a584a7a4c335a705a5863764d7a493d223b5f5f4143544956455f53455353494f4e5f444154417c733a3235363a22353762373838643962643537666461323363303061343164353465323839343038643731656536383066343966396464623630653166353731333864393930386539393562343730393838316535393230383831383735626466366662393766306130336639313333636331343566373132616239383130316630613837633333392f7042794c46546f5366626437717a6741762b55704d71444877486f562b5a6d73594745455a3433317676735543337455486f4e645437626c756c5858464b7570546f59664650447a4d4e426a4a6d78312b3333414b437968303665307753795873394d4e54514461634e7565656b613744443676375a304c686f575359223b),
('dmjuk9nenpna1u1hnip366a2pqftjuht', '::1', 1730977795, 0x5f5f63695f6c6173745f726567656e65726174657c693a313733303937373630303b7265646972656374696f6e7c733a38383a226148523063446f764c327876593246736147397a64446f344d4467774c324675644746796447393163693970626d526c65433577614841765933567a644739745a58497662334a6b5a584a7a4c335a705a5863764d7a493d223b5f5f4143544956455f53455353494f4e5f444154417c733a3235363a22353762373838643962643537666461323363303061343164353465323839343038643731656536383066343966396464623630653166353731333864393930386539393562343730393838316535393230383831383735626466366662393766306130336639313333636331343566373132616239383130316630613837633333392f7042794c46546f5366626437717a6741762b55704d71444877486f562b5a6d73594745455a3433317676735543337455486f4e645437626c756c5858464b7570546f59664650447a4d4e426a4a6d78312b3333414b437968303665307753795873394d4e54514461634e7565656b613744443676375a304c686f575359223b),
('b4194g6pblrnrj0h7ns2gc9dhj17q333', '::1', 1733744965, 0x5f5f63695f6c6173745f726567656e65726174657c693a313733333734343936353b),
('aekcd6auatlog6k10rmmt9k1dlsih91c', '::1', 1733745325, 0x5f5f63695f6c6173745f726567656e65726174657c693a313733333734353332353b7265646972656374696f6e7c4e3b5f5f4143544956455f53455353494f4e5f444154417c733a3235363a2261643463623366626664623565303431316365353937306332373237663765323536316366373139326261356633386632333163323363623862636634383164363963313333356334323235356638316434356439396461343664343562336561636533653166306164363062306164393037333761366339656462303463623473765534556a354a7950352f586f55345932362f78397756356652636b61576f624e7a64614c44666f654677655847567a726463763434385061796832594a494169564c6d6d50385673695763474c666279676d4f4743416332616f66506d6e45566f4d6e5564726b75697133325a616b4d363457772f58796b784837556a223b),
('fn5i80ab35fu4bqbvsvikho5l4frakn5', '::1', 1733745696, 0x5f5f63695f6c6173745f726567656e65726174657c693a313733333734353639363b7265646972656374696f6e7c4e3b5f5f4143544956455f53455353494f4e5f444154417c733a3235363a2261643463623366626664623565303431316365353937306332373237663765323536316366373139326261356633386632333163323363623862636634383164363963313333356334323235356638316434356439396461343664343562336561636533653166306164363062306164393037333761366339656462303463623473765534556a354a7950352f586f55345932362f78397756356652636b61576f624e7a64614c44666f654677655847567a726463763434385061796832594a494169564c6d6d50385673695763474c666279676d4f4743416332616f66506d6e45566f4d6e5564726b75697133325a616b4d363457772f58796b784837556a223b),
('ket4al9civmfi9ch8am9khmntqap1sj7', '::1', 1733745998, 0x5f5f63695f6c6173745f726567656e65726174657c693a313733333734353939383b7265646972656374696f6e7c4e3b5f5f4143544956455f53455353494f4e5f444154417c733a3235363a2261643463623366626664623565303431316365353937306332373237663765323536316366373139326261356633386632333163323363623862636634383164363963313333356334323235356638316434356439396461343664343562336561636533653166306164363062306164393037333761366339656462303463623473765534556a354a7950352f586f55345932362f78397756356652636b61576f624e7a64614c44666f654677655847567a726463763434385061796832594a494169564c6d6d50385673695763474c666279676d4f4743416332616f66506d6e45566f4d6e5564726b75697133325a616b4d363457772f58796b784837556a223b),
('ou1fj984nv28ltcdbcbkq43i73go1npc', '::1', 1733746219, 0x5f5f63695f6c6173745f726567656e65726174657c693a313733333734353939383b7265646972656374696f6e7c4e3b),
('dg9ui1hj6i4jduimqjpp7i2aor3i4mul', '::1', 1733747330, 0x5f5f63695f6c6173745f726567656e65726174657c693a313733333734373230353b),
('6n6vcf61kakdd9vgc83rrrvef0jp0d43', '::1', 1733747420, 0x5f5f63695f6c6173745f726567656e65726174657c693a313733333734373333393b),
('oqrjlug3v8gvevm8psqcoofrhnfcelup', '::1', 1733748170, 0x5f5f63695f6c6173745f726567656e65726174657c693a313733333734383137303b),
('c33mr6mksnsuq6cigh80ifdiefhqlo79', '::1', 1733748306, 0x5f5f63695f6c6173745f726567656e65726174657c693a313733333734383137303b),
('6jaf45bnnabph5rt4vng6vjv22fveohp', '::1', 1733805201, 0x5f5f63695f6c6173745f726567656e65726174657c693a313733333830353230313b),
('946njm2ii20ul939tvmehu5238rljl9t', '::1', 1733805323, 0x5f5f63695f6c6173745f726567656e65726174657c693a313733333830353230313b),
('4amkuftis354m8e0vbpmao43puo4c1p8', '::1', 1733805720, 0x5f5f63695f6c6173745f726567656e65726174657c693a313733333830353732303b),
('6m0tk124jq4kku0t7rqfaiq1cuundpni', '::1', 1733805722, 0x5f5f63695f6c6173745f726567656e65726174657c693a313733333830353732303b),
('q4dp4rsm4c1ou7c8eu946pqprfdpul3s', '::1', 1733806060, 0x5f5f63695f6c6173745f726567656e65726174657c693a313733333830363036303b),
('ul67u3f03q0f96u8khekqnjtaqgaqg3d', '::1', 1733806426, 0x5f5f63695f6c6173745f726567656e65726174657c693a313733333830363432363b),
('nkvcisrfd9avf6ioa2i9j4vpt960g25l', '::1', 1733806641, 0x5f5f63695f6c6173745f726567656e65726174657c693a313733333830363432363b),
('kbpna36mqddpdjfo8is1e0gh9gcl0s79', '::1', 1733807342, 0x5f5f63695f6c6173745f726567656e65726174657c693a313733333830373334323b),
('p3rvtivbi10ncqn3ju1r8onjmdebfmnp', '::1', 1733808214, 0x5f5f63695f6c6173745f726567656e65726174657c693a313733333830383231343b),
('k434bckn36r4s14995qpssvjn2u0g4qf', '::1', 1733811246, 0x5f5f63695f6c6173745f726567656e65726174657c693a313733333831313234363b),
('75quv7k412obssns3i9u9430gm20m4fl', '::1', 1733811560, 0x5f5f63695f6c6173745f726567656e65726174657c693a313733333831313536303b),
('37f96cs8l78u6piu3qnc1ad5llf7309i', '::1', 1733811889, 0x5f5f63695f6c6173745f726567656e65726174657c693a313733333831313838393b),
('mbss88t1na4f4gcsrte7gg6uim5at59i', '::1', 1733812513, 0x5f5f63695f6c6173745f726567656e65726174657c693a313733333831323531333b),
('o9flsjg7fp1scm9ha48paj4cti7mttdg', '::1', 1733812824, 0x5f5f63695f6c6173745f726567656e65726174657c693a313733333831323832343b),
('iger22orm61u8iljj7dtj5pil8k69jht', '::1', 1733813148, 0x5f5f63695f6c6173745f726567656e65726174657c693a313733333831333134383b),
('f46rrma18r5o4c2vtdtoskoe47r2quct', '::1', 1733813466, 0x5f5f63695f6c6173745f726567656e65726174657c693a313733333831333436363b),
('c4flosakucg32k52ufgtijt4mo6bgn5j', '::1', 1733813933, 0x5f5f63695f6c6173745f726567656e65726174657c693a313733333831333933333b),
('rq6s53a003gr8103515vn8t2l9or6j8d', '::1', 1733814583, 0x5f5f63695f6c6173745f726567656e65726174657c693a313733333831343538333b),
('iv3acuhbv0qotvl9t73t5e2qr15cul4s', '::1', 1733815018, 0x5f5f63695f6c6173745f726567656e65726174657c693a313733333831353031383b),
('vqje6tjq40ljja26hdd2iv7fje262693', '::1', 1733815328, 0x5f5f63695f6c6173745f726567656e65726174657c693a313733333831353332383b),
('p9bs5h6ngc6ctcfet2sqjeu6l6cih726', '::1', 1733815650, 0x5f5f63695f6c6173745f726567656e65726174657c693a313733333831353635303b),
('rd55d3guutvts0vim1kl01m6nnd7p4af', '::1', 1733816012, 0x5f5f63695f6c6173745f726567656e65726174657c693a313733333831363031323b),
('h8pubf3dhpa9q0dtir3fvqkrjrnjs0ie', '::1', 1733816583, 0x5f5f63695f6c6173745f726567656e65726174657c693a313733333831363538333b),
('ekr0i49qkbuc4ua23k3hmfhbqrab12t8', '::1', 1733816935, 0x5f5f63695f6c6173745f726567656e65726174657c693a313733333831363933353b),
('17qi3udpap6hubm75ld924ulpt7nrjll', '::1', 1733817395, 0x5f5f63695f6c6173745f726567656e65726174657c693a313733333831373339353b),
('da75tjt00ut3jofqncdq9ckm5o0i2tjg', '::1', 1733819670, 0x5f5f63695f6c6173745f726567656e65726174657c693a313733333831393637303b),
('coe4jc91lpqfjkt2v94bennq9iv9tm8d', '::1', 1733819671, 0x5f5f63695f6c6173745f726567656e65726174657c693a313733333831393637303b),
('c2opdj8g5v35et1jc49rnvjfvikqv1n0', '::1', 1734008877, 0x5f5f63695f6c6173745f726567656e65726174657c693a313733343030383732303b7265646972656374696f6e7c4e3b),
('b5jiq4mbd00gcnq7q22n96rankjilmqe', '::1', 1734009441, 0x5f5f63695f6c6173745f726567656e65726174657c693a313733343030393434313b),
('1esvod8ednkqnhus9f7r7n1ggkju8992', '::1', 1734009683, 0x5f5f63695f6c6173745f726567656e65726174657c693a313733343030393434313b),
('7tpctua6rfrvrmpmhlh0tphn8j243j98', '::1', 1734010047, 0x5f5f63695f6c6173745f726567656e65726174657c693a313733343031303034373b),
('u423j19njilludp1ru2336vggrujt1br', '::1', 1734010349, 0x5f5f63695f6c6173745f726567656e65726174657c693a313733343031303334393b7265646972656374696f6e7c4e3b5f5f4143544956455f53455353494f4e5f444154417c733a3235363a2266666135643265646464653738313736383836646531393166623934303565306566343037633930326434613664326434646364393236383266646237663031623531383834366666636337613465386637383232393536656332623539343135626330313465346436313930663836323463633236633566636265646338364b684531647834616f6e58707a49456566364c39344b7250472b6646544e466255793770524c714c39383736677846354b70386e762b5950746c413667497467466c6f447959584172725865462b414c2b41384a47526173756f50654e513268736d326d3250644c6a506e53726f38724d43384b4b6472433553434768627244223b),
('0el8ufa8u6s08lbscga89pndicat8dq5', '::1', 1734010389, 0x5f5f63695f6c6173745f726567656e65726174657c693a313733343031303334393b7265646972656374696f6e7c4e3b5f5f4143544956455f53455353494f4e5f444154417c733a3235363a2266666135643265646464653738313736383836646531393166623934303565306566343037633930326434613664326434646364393236383266646237663031623531383834366666636337613465386637383232393536656332623539343135626330313465346436313930663836323463633236633566636265646338364b684531647834616f6e58707a49456566364c39344b7250472b6646544e466255793770524c714c39383736677846354b70386e762b5950746c413667497467466c6f447959584172725865462b414c2b41384a47526173756f50654e513268736d326d3250644c6a506e53726f38724d43384b4b6472433553434768627244223b),
('df9odbrqu405hf431k3s0i58u82l7g9f', '::1', 1734010723, 0x5f5f63695f6c6173745f726567656e65726174657c693a313733343031303732333b5f5f4143544956455f53455353494f4e5f444154417c733a3235363a2263303763373066383263356565623636653735386661393863376566343066366665363130353366306264323935326131303633376331366533616462656265666639353562376535656361386332616663373461636437613935646664313933363439353063393639353937663265343865646565363934386534373230636c796e766c564d62423155487167314470667267386a4d724b6d5271474d5831727638596b6c54774d4964662f3048576850324c43614748383573724747377178416d316a424f4c6a5a2f2f4c4c335934342b504d364f65533534534d34396532626b7a5634685071556642416a5645736c31776e474a537655634d724f686c223b),
('gm685eegb7acva08cj0p0u5skqftg6pk', '::1', 1734010865, 0x5f5f63695f6c6173745f726567656e65726174657c693a313733343031303732333b5f5f4143544956455f53455353494f4e5f444154417c733a3235363a2263303763373066383263356565623636653735386661393863376566343066366665363130353366306264323935326131303633376331366533616462656265666639353562376535656361386332616663373461636437613935646664313933363439353063393639353937663265343865646565363934386534373230636c796e766c564d62423155487167314470667267386a4d724b6d5271474d5831727638596b6c54774d4964662f3048576850324c43614748383573724747377178416d316a424f4c6a5a2f2f4c4c335934342b504d364f65533534534d34396532626b7a5634685071556642416a5645736c31776e474a537655634d724f686c223b),
('25j9uqf5hbkcm6h4h35fm28pool5epcg', '::1', 1734011375, 0x5f5f63695f6c6173745f726567656e65726174657c693a313733343031313337353b5f5f4143544956455f53455353494f4e5f444154417c733a3235363a2233613436366165303533653830653263656166343361663933306662343863393666313631623031326130613437356365623832633531373639653637373063616534356163616139323935313833643064663262663533623533393964373463636436303439616435633532343738393533626532623632636361643165304d4b344c434d31494278787549345733616f64535244384841496d546e487978724a354677734572796176357a576c6972483761756f4b654656335a2f4e6c634437666c624f336e5a70645a434e61527673693078386b4657677a4248493062566669594e546b677157386434342b71662f564c4e73496c69344a7373345241223b),
('qic6gklpq4d22jcptrft097f1gt9q2vu', '::1', 1734011735, 0x5f5f63695f6c6173745f726567656e65726174657c693a313733343031313733353b5f5f4143544956455f53455353494f4e5f444154417c733a3235363a2233613436366165303533653830653263656166343361663933306662343863393666313631623031326130613437356365623832633531373639653637373063616534356163616139323935313833643064663262663533623533393964373463636436303439616435633532343738393533626532623632636361643165304d4b344c434d31494278787549345733616f64535244384841496d546e487978724a354677734572796176357a576c6972483761756f4b654656335a2f4e6c634437666c624f336e5a70645a434e61527673693078386b4657677a4248493062566669594e546b677157386434342b71662f564c4e73496c69344a7373345241223b),
('h14ma9nqmfhjmanah38rhshv3g3l62gq', '::1', 1734012146, 0x5f5f63695f6c6173745f726567656e65726174657c693a313733343031323134363b5f5f4143544956455f53455353494f4e5f444154417c733a3235363a2233613436366165303533653830653263656166343361663933306662343863393666313631623031326130613437356365623832633531373639653637373063616534356163616139323935313833643064663262663533623533393964373463636436303439616435633532343738393533626532623632636361643165304d4b344c434d31494278787549345733616f64535244384841496d546e487978724a354677734572796176357a576c6972483761756f4b654656335a2f4e6c634437666c624f336e5a70645a434e61527673693078386b4657677a4248493062566669594e546b677157386434342b71662f564c4e73496c69344a7373345241223b),
('ul8dj76jakvat6h8gdrbk059eu6k1p07', '::1', 1734012576, 0x5f5f63695f6c6173745f726567656e65726174657c693a313733343031323537363b5f5f4143544956455f53455353494f4e5f444154417c733a3235363a2233613436366165303533653830653263656166343361663933306662343863393666313631623031326130613437356365623832633531373639653637373063616534356163616139323935313833643064663262663533623533393964373463636436303439616435633532343738393533626532623632636361643165304d4b344c434d31494278787549345733616f64535244384841496d546e487978724a354677734572796176357a576c6972483761756f4b654656335a2f4e6c634437666c624f336e5a70645a434e61527673693078386b4657677a4248493062566669594e546b677157386434342b71662f564c4e73496c69344a7373345241223b),
('i11tco5f0g8mv528h425huu6o8bifciu', '::1', 1734014572, 0x5f5f63695f6c6173745f726567656e65726174657c693a313733343031343537323b5f5f4143544956455f53455353494f4e5f444154417c733a3235363a2233613436366165303533653830653263656166343361663933306662343863393666313631623031326130613437356365623832633531373639653637373063616534356163616139323935313833643064663262663533623533393964373463636436303439616435633532343738393533626532623632636361643165304d4b344c434d31494278787549345733616f64535244384841496d546e487978724a354677734572796176357a576c6972483761756f4b654656335a2f4e6c634437666c624f336e5a70645a434e61527673693078386b4657677a4248493062566669594e546b677157386434342b71662f564c4e73496c69344a7373345241223b),
('5ubmg3khddcf4u24593mtphsr7l89mfm', '::1', 1734015575, 0x5f5f63695f6c6173745f726567656e65726174657c693a313733343031353537353b7265646972656374696f6e7c4e3b6c6f67696e5f666c6173687c733a31363a22426572686173696c206c6f676f757421223b5f5f63695f766172737c613a313a7b733a31313a226c6f67696e5f666c617368223b733a333a226f6c64223b7d),
('h3cgjuf7bt1hgaao9bh1ni7jq7rl0pdl', '::1', 1734015945, 0x5f5f63695f6c6173745f726567656e65726174657c693a313733343031353934353b7265646972656374696f6e7c4e3b),
('fkr67eqisrprtdqe27f3mp4vbjpp5bqe', '::1', 1734015945, 0x5f5f63695f6c6173745f726567656e65726174657c693a313733343031353934353b7265646972656374696f6e7c4e3b),
('ampd38m1o0idbtpo4u60rldc5m7ji4v8', '::1', 1734016141, 0x5f5f63695f6c6173745f726567656e65726174657c693a313733343031363033393b),
('baumr0lrcbhrcd1i0uqk99csam13929t', '::1', 1734017471, 0x5f5f63695f6c6173745f726567656e65726174657c693a313733343031373437313b),
('b1ocg597s320cfo1jtvgri6ou2n55tel', '::1', 1734017918, 0x5f5f63695f6c6173745f726567656e65726174657c693a313733343031373931383b7265646972656374696f6e7c4e3b5f5f4143544956455f53455353494f4e5f444154417c733a3235363a22363535633532393166343138353264396133643062303639616433623934653536626637636233613132613366323235643139353435396238636630316262616630366635313438343336386135336464313936363532613634346361343463393136663962333837623938303263336262613665643464623762393865623657584855662b725441776658624b4f7a593056787a45473842534e657534314c4c717162376c714844566252505259535a2f694b2f4d37716c74523135786c4e657359366c486a7168793451786f703232476d4b49624b4d6e315730543530625a7746306a4c4577787a524e2b65367968396b79486a37684b32684239447471223b),
('ghm29ssac4i65rbc4alndd5s7j5fuobq', '::1', 1734017918, 0x5f5f63695f6c6173745f726567656e65726174657c693a313733343031373931383b7265646972656374696f6e7c4e3b5f5f4143544956455f53455353494f4e5f444154417c733a3235363a22363535633532393166343138353264396133643062303639616433623934653536626637636233613132613366323235643139353435396238636630316262616630366635313438343336386135336464313936363532613634346361343463393136663962333837623938303263336262613665643464623762393865623657584855662b725441776658624b4f7a593056787a45473842534e657534314c4c717162376c714844566252505259535a2f694b2f4d37716c74523135786c4e657359366c486a7168793451786f703232476d4b49624b4d6e315730543530625a7746306a4c4577787a524e2b65367968396b79486a37684b32684239447471223b),
('2mb17r1m0h49eksg5iftq5f2oqrmia5b', '::1', 1734018208, 0x5f5f63695f6c6173745f726567656e65726174657c693a313733343031373933353b5f5f4143544956455f53455353494f4e5f444154417c733a3235363a2238613831666262633964626432363039396130613637323339363263323164353830636262633961646238343832653638653064643665343564636133363564303063663931616637656264313962343136633032316335613339313837323436376136313434373232313531353765623735323433336333623036376332626d313870572b4b4559687046345078475a38596749666e674b2f6e7351384246764b3662336e6931652f424c304f515a5a6c76334159465736616f543376614c54556a7a2f32616867574e6e66766b3452777447714b314d4a34486854343751627461494d384556377378574c475a4f4c3055466c545531622b7944666e7961223b),
('i8kp58bebc4eovn6tiddo04c9ssov0b8', '::1', 1734082671, 0x5f5f63695f6c6173745f726567656e65726174657c693a313733343038323637313b7265646972656374696f6e7c4e3b5f5f4143544956455f53455353494f4e5f444154417c733a3235363a223766373965656131393536646132396565363535336366633637653935363066366633363834363261613465366136356439313663386361323631656565376564653334316331353262396363393434353062396335306565316566326536623762343436653531613732383865623033663236373664646465653633383561636d4a78546154707249717a344556316369367752542b5573487770544a45462f4f54524b436f59724d66636c6e58315a44317a3247446a63583479556c6d4c59492f484c614b68454b4e61734c63686d347735774d356e364c47546130436c44764f774e516645653534444552614c794e2b557a464d337272784952487237223b636172745f636f6e74656e74737c613a333a7b733a31303a22636172745f746f74616c223b643a34303030303b733a31313a22746f74616c5f6974656d73223b643a313b733a33323a223166306533646164393939303833343566373433396638666661626466666334223b613a363a7b733a323a226964223b733a323a223139223b733a333a22717479223b643a313b733a353a227072696365223b643a34303030303b733a343a226e616d65223b733a31303a22546173204c6170746f70223b733a353a22726f776964223b733a33323a223166306533646164393939303833343566373433396638666661626466666334223b733a383a22737562746f74616c223b643a34303030303b7d7d),
('i3mcfciakqoqmd5svpuvsqgca23k5l7v', '::1', 1734083103, 0x5f5f63695f6c6173745f726567656e65726174657c693a313733343038333130333b7265646972656374696f6e7c4e3b636172745f636f6e74656e74737c613a333a7b733a31303a22636172745f746f74616c223b643a34303030303b733a31313a22746f74616c5f6974656d73223b643a313b733a33323a223166306533646164393939303833343566373433396638666661626466666334223b613a363a7b733a323a226964223b733a323a223139223b733a333a22717479223b643a313b733a353a227072696365223b643a34303030303b733a343a226e616d65223b733a31303a22546173204c6170746f70223b733a353a22726f776964223b733a33323a223166306533646164393939303833343566373433396638666661626466666334223b733a383a22737562746f74616c223b643a34303030303b7d7d),
('082lg903kkoirjm6tdfes1vq2ir1jpsg', '::1', 1734084012, 0x5f5f63695f6c6173745f726567656e65726174657c693a313733343038343031323b7265646972656374696f6e7c4e3b636172745f636f6e74656e74737c613a333a7b733a31303a22636172745f746f74616c223b643a34303030303b733a31313a22746f74616c5f6974656d73223b643a313b733a33323a223166306533646164393939303833343566373433396638666661626466666334223b613a363a7b733a323a226964223b733a323a223139223b733a333a22717479223b643a313b733a353a227072696365223b643a34303030303b733a343a226e616d65223b733a31303a22546173204c6170746f70223b733a353a22726f776964223b733a33323a223166306533646164393939303833343566373433396638666661626466666334223b733a383a22737562746f74616c223b643a34303030303b7d7d),
('pjkafun9dthau4oeatlc2h1dtrprimvq', '::1', 1734084012, 0x5f5f63695f6c6173745f726567656e65726174657c693a313733343038343031323b7265646972656374696f6e7c4e3b636172745f636f6e74656e74737c613a333a7b733a31303a22636172745f746f74616c223b643a34303030303b733a31313a22746f74616c5f6974656d73223b643a313b733a33323a223166306533646164393939303833343566373433396638666661626466666334223b613a363a7b733a323a226964223b733a323a223139223b733a333a22717479223b643a313b733a353a227072696365223b643a34303030303b733a343a226e616d65223b733a31303a22546173204c6170746f70223b733a353a22726f776964223b733a33323a223166306533646164393939303833343566373433396638666661626466666334223b733a383a22737562746f74616c223b643a34303030303b7d7d),
('01ll9d8emfg5m10tsucga31gsav6v9s1', '::1', 1734084367, 0x5f5f63695f6c6173745f726567656e65726174657c693a313733343038343336373b7265646972656374696f6e7c4e3b5f5f4143544956455f53455353494f4e5f444154417c733a3235363a22666432313263316135626234313335306636363663396238666130303734363234663764343438356432343337326433316439373633363961306232376335636237636336336335353937333464386635303538376261353930643736386633633532383134643037363465356638303063376133383864613734663262333247756f754537356b6b4c756d5a6d6563664b556638747655772b696e334146554b6864624a68625a2b494b6f4f593778734f4743707349616b5a766b704d505978426431454e534539736a3454566f7a4a694d7857615a4b326155344a7a663442736f64542b47705a4d3768707142644d43666a4e53636e4c73626a654d6e4f223b636172745f636f6e74656e74737c613a333a7b733a31303a22636172745f746f74616c223b643a34303030303b733a31313a22746f74616c5f6974656d73223b643a313b733a33323a223166306533646164393939303833343566373433396638666661626466666334223b613a363a7b733a323a226964223b733a323a223139223b733a333a22717479223b643a313b733a353a227072696365223b643a34303030303b733a343a226e616d65223b733a31303a22546173204c6170746f70223b733a353a22726f776964223b733a33323a223166306533646164393939303833343566373433396638666661626466666334223b733a383a22737562746f74616c223b643a34303030303b7d7d),
('0f65bulkjj157f7ip323vav0nso4ued5', '::1', 1734084367, 0x5f5f63695f6c6173745f726567656e65726174657c693a313733343038343336373b7265646972656374696f6e7c4e3b5f5f4143544956455f53455353494f4e5f444154417c733a3235363a22666432313263316135626234313335306636363663396238666130303734363234663764343438356432343337326433316439373633363961306232376335636237636336336335353937333464386635303538376261353930643736386633633532383134643037363465356638303063376133383864613734663262333247756f754537356b6b4c756d5a6d6563664b556638747655772b696e334146554b6864624a68625a2b494b6f4f593778734f4743707349616b5a766b704d505978426431454e534539736a3454566f7a4a694d7857615a4b326155344a7a663442736f64542b47705a4d3768707142644d43666a4e53636e4c73626a654d6e4f223b636172745f636f6e74656e74737c613a333a7b733a31303a22636172745f746f74616c223b643a34303030303b733a31313a22746f74616c5f6974656d73223b643a313b733a33323a223166306533646164393939303833343566373433396638666661626466666334223b613a363a7b733a323a226964223b733a323a223139223b733a333a22717479223b643a313b733a353a227072696365223b643a34303030303b733a343a226e616d65223b733a31303a22546173204c6170746f70223b733a353a22726f776964223b733a33323a223166306533646164393939303833343566373433396638666661626466666334223b733a383a22737562746f74616c223b643a34303030303b7d7d);

-- --------------------------------------------------------

--
-- Struktur dari tabel `contacts`
--

CREATE TABLE `contacts` (
  `id` int(10) NOT NULL,
  `parent_id` int(10) DEFAULT NULL,
  `name` varchar(32) NOT NULL,
  `subject` varchar(128) DEFAULT NULL,
  `email` varchar(64) NOT NULL,
  `message` mediumtext NOT NULL,
  `contact_date` datetime DEFAULT NULL,
  `status` tinyint(1) DEFAULT 1,
  `reply_at` datetime DEFAULT NULL
) ENGINE=InnoDB DEFAULT CHARSET=utf8mb4;

--
-- Dumping data untuk tabel `contacts`
--

INSERT INTO `contacts` (`id`, `parent_id`, `name`, `subject`, `email`, `message`, `contact_date`, `status`, `reply_at`) VALUES
(1, NULL, 'Agung Tri Saputra', 'Pengiriman kok lama?', 'martinms.za@gmail.com', 'pengiriman pesanan saya kok lama ya', '2020-03-29 07:40:13', 2, NULL);

-- --------------------------------------------------------

--
-- Struktur dari tabel `coupons`
--

CREATE TABLE `coupons` (
  `id` bigint(20) NOT NULL,
  `name` varchar(191) NOT NULL,
  `code` varchar(32) NOT NULL,
  `credit` decimal(8,2) NOT NULL,
  `start_date` date NOT NULL,
  `expired_date` date NOT NULL,
  `is_active` tinyint(4) DEFAULT 1
) ENGINE=InnoDB DEFAULT CHARSET=utf8mb4;

-- --------------------------------------------------------

--
-- Struktur dari tabel `customers`
--

CREATE TABLE `customers` (
  `id` bigint(20) NOT NULL,
  `user_id` bigint(20) UNSIGNED DEFAULT NULL,
  `name` varchar(191) NOT NULL,
  `phone_number` varchar(32) DEFAULT NULL,
  `address` varchar(191) NOT NULL,
  `profile_picture` varchar(191) DEFAULT NULL
) ENGINE=InnoDB DEFAULT CHARSET=utf8mb4;

--
-- Dumping data untuk tabel `customers`
--

INSERT INTO `customers` (`id`, `user_id`, `name`, `phone_number`, `address`, `profile_picture`) VALUES
(11, 13, 'nesha gias', '089877887876', 'Jl. Pramuka, Rajabasa, Bandar Lampung', 'Pramugari_1_new.jpg'),
(12, 15, 'Mega Lestari', '082345667599', 'Kedaton, Bandar Lampung', NULL),
(13, 16, 'rauljamet', '08992645855', 'bumisari', NULL),
(14, 17, 'raulaja', '05412105456422', 'balam', 'tik-tok.png');

-- --------------------------------------------------------

--
-- Struktur dari tabel `orders`
--

CREATE TABLE `orders` (
  `id` bigint(20) NOT NULL,
  `user_id` bigint(20) UNSIGNED DEFAULT NULL,
  `coupon_id` bigint(20) DEFAULT NULL,
  `order_number` varchar(16) NOT NULL,
  `order_status` enum('1','2','3','4','5') DEFAULT '1',
  `order_date` datetime NOT NULL,
  `total_price` decimal(10,2) DEFAULT NULL,
  `total_items` int(10) DEFAULT NULL,
  `payment_method` int(11) DEFAULT 1,
  `delivery_data` text DEFAULT NULL,
  `delivered_date` datetime DEFAULT NULL,
  `finish_date` datetime DEFAULT NULL
) ENGINE=InnoDB DEFAULT CHARSET=utf8mb4;

--
-- Dumping data untuk tabel `orders`
--

INSERT INTO `orders` (`id`, `user_id`, `coupon_id`, `order_number`, `order_status`, `order_date`, `total_price`, `total_items`, `payment_method`, `delivery_data`, `delivered_date`, `finish_date`) VALUES
(28, 13, NULL, 'FYU271123113587', '4', '2023-11-27 06:46:27', '1200000.00', 1, 1, '{\"customer\":{\"name\":\"Monic Dwi Santi\",\"phone_number\":\"089877887876\",\"address\":\"Jl. Pramuka, Rajabasa, Bandar Lampung\"},\"note\":\"Pembelian tiket untuk monic\"}', NULL, NULL),
(29, 15, NULL, 'JRP12124115964', '3', '2024-01-12 16:30:17', '1200000.00', 1, 1, '{\"customer\":{\"name\":\"Mega Lestari\",\"phone_number\":\"082345667599\",\"address\":\"Kedaton, Bandar Lampung\"},\"note\":\"Tiket 1 Orang Untuk Mega Lestari\"}', NULL, NULL),
(30, 15, NULL, 'NEQ13124115716', '3', '2024-01-13 12:03:05', '1200000.00', 1, 1, '{\"customer\":{\"name\":\"Nana Safitri\",\"phone_number\":\"082345667651\",\"address\":\"Way Halim, Bandar Lampung\"},\"note\":\"Pembelian Tiket Untuk Nana Safitri\"}', NULL, NULL),
(31, 16, NULL, 'TZR71124116481', '1', '2024-11-07 11:20:30', '2400000.00', 1, 1, '{\"customer\":{\"name\":\"rauljamet\",\"phone_number\":\"08992645855\",\"address\":\"bumisari\"},\"note\":\"\"}', NULL, NULL),
(32, 16, NULL, 'OLA71124116913', '1', '2024-11-07 11:40:42', '1200000.00', 1, 1, '{\"customer\":{\"name\":\"rauljamet\",\"phone_number\":\"08992645855\",\"address\":\"bumisari\"},\"note\":\"\"}', NULL, NULL);

-- --------------------------------------------------------

--
-- Struktur dari tabel `order_item`
--

CREATE TABLE `order_item` (
  `id` bigint(20) NOT NULL,
  `order_id` bigint(20) DEFAULT NULL,
  `product_id` bigint(20) DEFAULT NULL,
  `order_qty` int(10) NOT NULL,
  `order_price` decimal(10,2) DEFAULT NULL
) ENGINE=InnoDB DEFAULT CHARSET=utf8mb4;

--
-- Dumping data untuk tabel `order_item`
--

INSERT INTO `order_item` (`id`, `order_id`, `product_id`, `order_qty`, `order_price`) VALUES
(24, 22, 19, 1, '1200000.00'),
(25, 23, 19, 1, '1200000.00'),
(26, 24, 19, 1, '1200000.00'),
(27, 25, 19, 1, '1200000.00'),
(28, 26, 19, 1, '1200000.00'),
(29, 27, 19, 1, '1200000.00'),
(30, 28, 19, 1, '1200000.00'),
(31, 29, 19, 1, '1200000.00'),
(32, 30, 19, 1, '1200000.00'),
(33, 31, 19, 2, '1200000.00'),
(34, 32, 19, 1, '1200000.00');

-- --------------------------------------------------------

--
-- Struktur dari tabel `packages`
--

CREATE TABLE `packages` (
  `id` bigint(20) NOT NULL,
  `category_id` int(10) DEFAULT NULL,
  `sku` varchar(32) DEFAULT NULL,
  `name` varchar(191) NOT NULL,
  `description` varchar(300) DEFAULT NULL,
  `picture_name` varchar(191) DEFAULT NULL,
  `price` decimal(10,2) NOT NULL,
  `current_discount` decimal(8,2) DEFAULT 0.00,
  `stock` int(10) NOT NULL,
  `product_unit` varchar(32) DEFAULT NULL,
  `is_available` tinyint(1) DEFAULT 1,
  `add_date` datetime DEFAULT NULL,
  `date_tour` varchar(50) NOT NULL
) ENGINE=InnoDB DEFAULT CHARSET=utf8mb4;

--
-- Dumping data untuk tabel `packages`
--

INSERT INTO `packages` (`id`, `category_id`, `sku`, `name`, `description`, `picture_name`, `price`, `current_discount`, `stock`, `product_unit`, `is_available`, `add_date`, `date_tour`) VALUES
(19, 9, 'PLTLPE1100281', 'Tas Laptop', 'Tas Laptop', 'IMG-20241206-WA0036.jpg', '40000.00', '0.00', 100, 'Tas', 1, '2023-11-13 02:51:21', '2024-01-31'),
(21, 9, 'PLTBPE1100726', 'Tas Laptop Pink', 'Tas Laptop', 'IMG-20241206-WA0037.jpg', '40000.00', '0.00', 100, 'TAs', 1, '2024-01-13 12:18:46', '2024-12-09'),
(22, 16, 'PLTBPE1100839', 'Kotak Pensil', 'TEmpat Pensil', 'IMG-20241206-WA0077.jpg', '20000.00', '0.00', 100, 'Tempat Pensil', 1, '2024-01-13 12:20:39', '2024-01-31'),
(23, 16, 'PLTBPI2100960', 'Kotak Pensil Lucu', 'Kotak Pensil', 'IMG-20241206-WA0078.jpg', '20000.00', '0.00', 100, 'Tempat Pensil', 1, '2024-01-13 12:22:39', '2024-12-09');

-- --------------------------------------------------------

--
-- Struktur dari tabel `payments`
--

CREATE TABLE `payments` (
  `id` bigint(20) NOT NULL,
  `order_id` bigint(20) DEFAULT NULL,
  `payment_price` decimal(10,2) DEFAULT NULL,
  `payment_date` datetime NOT NULL,
  `picture_name` varchar(191) DEFAULT NULL,
  `payment_status` enum('1','2','3') DEFAULT '1',
  `confirmed_date` datetime DEFAULT NULL,
  `payment_data` text DEFAULT NULL
) ENGINE=InnoDB DEFAULT CHARSET=utf8mb4;

--
-- Dumping data untuk tabel `payments`
--

INSERT INTO `payments` (`id`, `order_id`, `payment_price`, `payment_date`, `picture_name`, `payment_status`, `confirmed_date`, `payment_data`) VALUES
(15, 22, '1200000.00', '2023-11-13 03:56:55', 'bg_dinding_41.jpg', '2', NULL, '{\"transfer_to\":\"mandiri\",\"source\":{\"bank\":\"Mandiri\",\"name\":\"Puji Rahayu\",\"number\":\"908888654\"}}'),
(16, 23, '1200000.00', '2023-11-14 17:03:08', 'Contoh_Label_Box.jpg', NULL, NULL, '{\"transfer_to\":\"bca\",\"source\":{\"bank\":\"BNI Syariah\",\"name\":\"lukmanul_ikhsani\",\"number\":\"0957839384\"}}'),
(17, 24, '1200000.00', '2023-11-14 17:07:22', 'bendera_indo.jpg', '3', NULL, '{\"transfer_to\":\"mandiri\",\"source\":{\"bank\":\"BNI Syariah\",\"name\":\"Rian\",\"number\":\"0957839399\"}}'),
(18, 25, '1200000.00', '2023-11-15 00:37:11', 'GDAY_TURKEY_+_BOSPHORUS_CRUISE_CUMALIKIZIK_OTTOMAN_VILLAGE.pdf', '1', NULL, '{\"transfer_to\":\"mandiri\",\"source\":{\"bank\":\"BNI Syariah\",\"name\":\"lukmanul\",\"number\":\"0957839384\"}}'),
(19, 26, '1200000.00', '2023-11-15 00:49:02', 'BEST_DEAL_HAINAN_ISLAND.pdf', '1', NULL, '{\"transfer_to\":\"mandiri\",\"source\":{\"bank\":\"BNI Syariah\",\"name\":\"jihan\",\"number\":\"0957839384\"}}'),
(20, 27, '1200000.00', '2023-11-15 01:07:44', 'bg_dinding_12.jpg', '1', NULL, '{\"transfer_to\":\"mandiri\",\"source\":{\"bank\":\"BNI Syariah\",\"name\":\"pujirahayu\",\"number\":\"0957839399\"}}'),
(21, 28, '1200000.00', '2023-11-27 06:47:25', 'bendera_indo1.jpg', '2', NULL, '{\"transfer_to\":\"mandiri\",\"source\":{\"bank\":\"BNI Syariah\",\"name\":\"nesha\",\"number\":\"0957839384\"}}'),
(22, 29, '1200000.00', '2024-01-12 16:32:15', 'Contoh_Check_Box.png', '2', NULL, '{\"transfer_to\":\"mandiri\",\"source\":{\"bank\":\"Mandiri\",\"name\":\"mega\",\"number\":\"097477387\"}}'),
(23, 30, '1200000.00', '2024-01-13 12:03:39', 'bendera_indo2.jpg', '2', NULL, '{\"transfer_to\":\"mandiri\",\"source\":{\"bank\":\"BNI Syariah\",\"name\":\"Nana Safitri\",\"number\":\"0957839399\"}}');

-- --------------------------------------------------------

--
-- Struktur dari tabel `product_category`
--

CREATE TABLE `product_category` (
  `id` int(10) NOT NULL,
  `name` varchar(191) NOT NULL
) ENGINE=InnoDB DEFAULT CHARSET=utf8mb4;

--
-- Dumping data untuk tabel `product_category`
--

INSERT INTO `product_category` (`id`, `name`) VALUES
(2, 'AKSESORIS'),
(9, 'FASHION'),
(10, 'BONEKA'),
(12, 'HOME DECOR'),
(13, 'BUNGA'),
(14, 'KADO'),
(15, 'SEPATU'),
(16, 'ALAT TULIS');

-- --------------------------------------------------------

--
-- Struktur dari tabel `reviews`
--

CREATE TABLE `reviews` (
  `id` bigint(20) NOT NULL,
  `user_id` bigint(20) UNSIGNED DEFAULT NULL,
  `order_id` bigint(20) DEFAULT NULL,
  `title` varchar(191) DEFAULT NULL,
  `review_text` mediumtext NOT NULL,
  `review_date` datetime NOT NULL,
  `status` tinyint(1) NOT NULL DEFAULT 1
) ENGINE=InnoDB DEFAULT CHARSET=utf8mb4;

--
-- Dumping data untuk tabel `reviews`
--

INSERT INTO `reviews` (`id`, `user_id`, `order_id`, `title`, `review_text`, `review_date`, `status`) VALUES
(2, 7, 6, 'Sangat puas', 'Pengiriman cepat dan sayur segar', '2020-03-30 08:31:31', 1),
(3, 7, 5, 'Buah segar', 'Buah segar dan kualitasnya sangat bagus', '2020-03-30 08:33:10', 1),
(4, 8, 12, 'Toko Buah Segar', 'Sangat Puas Dengan Pelaynan dan Produknya Segar Semua', '2020-10-26 07:13:38', 1),
(5, 10, 13, 'Toko Buah Segar', 'Pesanan Dikrim Tepat Waktu dan Kualitas Segar Segar', '2020-10-26 07:17:35', 1),
(6, 11, 14, 'Toko Buah Segar', 'Sangat Puas Dengan Pelayanan Adminnya', '2020-10-26 08:38:48', 1);

-- --------------------------------------------------------

--
-- Struktur dari tabel `roles`
--

CREATE TABLE `roles` (
  `id` int(10) NOT NULL,
  `role_name` varchar(191) NOT NULL
) ENGINE=InnoDB DEFAULT CHARSET=utf8mb4;

--
-- Dumping data untuk tabel `roles`
--

INSERT INTO `roles` (`id`, `role_name`) VALUES
(1, 'Admin'),
(2, 'Customer');

-- --------------------------------------------------------

--
-- Struktur dari tabel `settings`
--

CREATE TABLE `settings` (
  `id` int(10) NOT NULL,
  `key` varchar(32) NOT NULL,
  `content` varchar(191) NOT NULL
) ENGINE=InnoDB DEFAULT CHARSET=utf8mb4;

--
-- Dumping data untuk tabel `settings`
--

INSERT INTO `settings` (`id`, `key`, `content`) VALUES
(1, 'current_theme_name', 'vegefoods'),
(2, 'store_name', 'Ratmiku'),
(3, 'store_phone_number', '089658975120'),
(4, 'store_email', 'ratmiku@gmail.com'),
(5, 'store_tagline', 'Belanja Murah Pasti Hemat'),
(6, 'store_logo', ''),
(7, 'max_product_image_size', '20000'),
(8, 'store_description', 'Beli murah sudah pasti di ratmiku'),
(9, 'store_address', 'Jl. Kartini No.62, Palapa, Kec. Tj. Karang Pusat, Kota Bandar Lampung'),
(10, 'min_shop_to_free_shipping_cost', ''),
(11, 'shipping_cost', ''),
(12, 'payment_banks', '{\"mandiri\":{\"bank\":\"Mandiri\",\"number\":\"1234567890\",\"name\":\"Vina Tour And Travel Kartini\"},\"bca\":{\"bank\":\"BCA\",\"number\":\"0987654321\",\"name\":\"Vina Tour And Travel Tanjung Karang\"}}');

-- --------------------------------------------------------

--
-- Struktur dari tabel `users`
--

CREATE TABLE `users` (
  `id` bigint(20) UNSIGNED NOT NULL,
  `name` varchar(50) COLLATE utf8mb4_unicode_ci DEFAULT NULL,
  `email` varchar(191) COLLATE utf8mb4_unicode_ci NOT NULL,
  `email_verified_at` timestamp NULL DEFAULT NULL,
  `username` varchar(16) COLLATE utf8mb4_unicode_ci NOT NULL,
  `password` varchar(191) COLLATE utf8mb4_unicode_ci NOT NULL,
  `profile_picture` varchar(128) COLLATE utf8mb4_unicode_ci DEFAULT NULL,
  `role_id` int(10) DEFAULT 0,
  `register_date` datetime DEFAULT NULL
) ENGINE=InnoDB DEFAULT CHARSET=utf8mb4 COLLATE=utf8mb4_unicode_ci;

--
-- Dumping data untuk tabel `users`
--

INSERT INTO `users` (`id`, `name`, `email`, `email_verified_at`, `username`, `password`, `profile_picture`, `role_id`, `register_date`) VALUES
(7, 'Admin Ratmiku', 'adminratmiku@gmail.com', NULL, 'admin', '$2y$10$I8uQyHHMpJbO53vQNNuutuZugOgNke7l.ZTyBym5dQFmWM8dmmnPK', 'logo_ratmiku.png', 1, '2020-03-29 08:14:30'),
(13, NULL, 'nesha@gmail.com', NULL, 'nesha', '$2y$10$FhIiNFerntlM9gV3.LYZBOQhy.YB8lb/QfPlPn7SvuHtm7zw7Swfy', NULL, 2, '2023-11-27 06:44:46'),
(14, 'pimpinanvinatour', 'pimpinantour@gmail.com', NULL, 'pimpinan', '$2y$10$JCvceX2Rbg2M20AmqQvZ4.JssGniRcthkGfT.30A4NJc6I9ckCry2', NULL, 1, '2023-12-20 05:42:20'),
(15, NULL, 'mega@gmail.com', NULL, 'megalestari', '$2y$10$X2KHYuIR3F9npAS5PE5zJ.Al90o5AESOa8QqarZwav9PFE4YMU72u', NULL, 2, '2024-01-12 15:58:16'),
(16, NULL, 'raules@gmail.com', NULL, 'raul', '$2y$10$hoOw78PUhl.NoxDbP9AiZO5U85q2PYW.JEsC2ayq1o0B8KLEVaPe.', NULL, 2, '2024-11-07 11:19:20'),
(17, NULL, 'raul@gmail.com', NULL, 'raul12', '$2y$10$sPIdKDhNPPMm6YX0ybQPjeFeSzJWIfnhQnbLbion/h6pCgTj9nyPe', NULL, 2, '2024-12-12 14:29:29');

--
-- Indexes for dumped tables
--

--
-- Indeks untuk tabel `ci_sessions`
--
ALTER TABLE `ci_sessions`
  ADD KEY `ci_sessions_timestamp` (`timestamp`);

--
-- Indeks untuk tabel `contacts`
--
ALTER TABLE `contacts`
  ADD PRIMARY KEY (`id`),
  ADD KEY `FK_contacts_contacts` (`parent_id`);

--
-- Indeks untuk tabel `coupons`
--
ALTER TABLE `coupons`
  ADD PRIMARY KEY (`id`);

--
-- Indeks untuk tabel `customers`
--
ALTER TABLE `customers`
  ADD PRIMARY KEY (`id`),
  ADD KEY `FK_customers_users` (`user_id`);

--
-- Indeks untuk tabel `orders`
--
ALTER TABLE `orders`
  ADD PRIMARY KEY (`id`),
  ADD KEY `FK_orders_users` (`user_id`),
  ADD KEY `FK_orders_coupons` (`coupon_id`);

--
-- Indeks untuk tabel `order_item`
--
ALTER TABLE `order_item`
  ADD PRIMARY KEY (`id`),
  ADD KEY `order_id` (`order_id`),
  ADD KEY `product_id` (`product_id`);

--
-- Indeks untuk tabel `packages`
--
ALTER TABLE `packages`
  ADD PRIMARY KEY (`id`),
  ADD KEY `FK_products_product_category` (`category_id`);

--
-- Indeks untuk tabel `payments`
--
ALTER TABLE `payments`
  ADD PRIMARY KEY (`id`),
  ADD KEY `order_id` (`order_id`);

--
-- Indeks untuk tabel `product_category`
--
ALTER TABLE `product_category`
  ADD PRIMARY KEY (`id`);

--
-- Indeks untuk tabel `reviews`
--
ALTER TABLE `reviews`
  ADD PRIMARY KEY (`id`),
  ADD KEY `FK_reviews_users` (`user_id`),
  ADD KEY `FK_reviews_orders` (`order_id`);

--
-- Indeks untuk tabel `roles`
--
ALTER TABLE `roles`
  ADD PRIMARY KEY (`id`);

--
-- Indeks untuk tabel `settings`
--
ALTER TABLE `settings`
  ADD PRIMARY KEY (`id`) USING BTREE;

--
-- Indeks untuk tabel `users`
--
ALTER TABLE `users`
  ADD PRIMARY KEY (`id`) USING BTREE,
  ADD UNIQUE KEY `users_email_unique` (`email`) USING BTREE,
  ADD KEY `role_id` (`role_id`);

--
-- AUTO_INCREMENT untuk tabel yang dibuang
--

--
-- AUTO_INCREMENT untuk tabel `contacts`
--
ALTER TABLE `contacts`
  MODIFY `id` int(10) NOT NULL AUTO_INCREMENT, AUTO_INCREMENT=3;

--
-- AUTO_INCREMENT untuk tabel `coupons`
--
ALTER TABLE `coupons`
  MODIFY `id` bigint(20) NOT NULL AUTO_INCREMENT, AUTO_INCREMENT=4;

--
-- AUTO_INCREMENT untuk tabel `customers`
--
ALTER TABLE `customers`
  MODIFY `id` bigint(20) NOT NULL AUTO_INCREMENT, AUTO_INCREMENT=15;

--
-- AUTO_INCREMENT untuk tabel `orders`
--
ALTER TABLE `orders`
  MODIFY `id` bigint(20) NOT NULL AUTO_INCREMENT, AUTO_INCREMENT=33;

--
-- AUTO_INCREMENT untuk tabel `order_item`
--
ALTER TABLE `order_item`
  MODIFY `id` bigint(20) NOT NULL AUTO_INCREMENT, AUTO_INCREMENT=35;

--
-- AUTO_INCREMENT untuk tabel `packages`
--
ALTER TABLE `packages`
  MODIFY `id` bigint(20) NOT NULL AUTO_INCREMENT, AUTO_INCREMENT=25;

--
-- AUTO_INCREMENT untuk tabel `payments`
--
ALTER TABLE `payments`
  MODIFY `id` bigint(20) NOT NULL AUTO_INCREMENT, AUTO_INCREMENT=24;

--
-- AUTO_INCREMENT untuk tabel `product_category`
--
ALTER TABLE `product_category`
  MODIFY `id` int(10) NOT NULL AUTO_INCREMENT, AUTO_INCREMENT=17;

--
-- AUTO_INCREMENT untuk tabel `reviews`
--
ALTER TABLE `reviews`
  MODIFY `id` bigint(20) NOT NULL AUTO_INCREMENT, AUTO_INCREMENT=7;

--
-- AUTO_INCREMENT untuk tabel `roles`
--
ALTER TABLE `roles`
  MODIFY `id` int(10) NOT NULL AUTO_INCREMENT, AUTO_INCREMENT=3;

--
-- AUTO_INCREMENT untuk tabel `settings`
--
ALTER TABLE `settings`
  MODIFY `id` int(10) NOT NULL AUTO_INCREMENT, AUTO_INCREMENT=13;

--
-- AUTO_INCREMENT untuk tabel `users`
--
ALTER TABLE `users`
  MODIFY `id` bigint(20) UNSIGNED NOT NULL AUTO_INCREMENT, AUTO_INCREMENT=18;

--
-- Ketidakleluasaan untuk tabel pelimpahan (Dumped Tables)
--

--
-- Ketidakleluasaan untuk tabel `contacts`
--
ALTER TABLE `contacts`
  ADD CONSTRAINT `FK_contacts_contacts` FOREIGN KEY (`parent_id`) REFERENCES `contacts` (`id`) ON DELETE CASCADE ON UPDATE NO ACTION;

--
-- Ketidakleluasaan untuk tabel `customers`
--
ALTER TABLE `customers`
  ADD CONSTRAINT `FK_customers_users` FOREIGN KEY (`user_id`) REFERENCES `users` (`id`) ON DELETE NO ACTION ON UPDATE CASCADE;

--
-- Ketidakleluasaan untuk tabel `orders`
--
ALTER TABLE `orders`
  ADD CONSTRAINT `FK_orders_coupons` FOREIGN KEY (`coupon_id`) REFERENCES `coupons` (`id`) ON DELETE SET NULL ON UPDATE CASCADE,
  ADD CONSTRAINT `FK_orders_users` FOREIGN KEY (`user_id`) REFERENCES `users` (`id`) ON DELETE NO ACTION ON UPDATE CASCADE;

--
-- Ketidakleluasaan untuk tabel `payments`
--
ALTER TABLE `payments`
  ADD CONSTRAINT `FK_payments_orders` FOREIGN KEY (`order_id`) REFERENCES `orders` (`id`) ON DELETE NO ACTION ON UPDATE NO ACTION;
COMMIT;

/*!40101 SET CHARACTER_SET_CLIENT=@OLD_CHARACTER_SET_CLIENT */;
/*!40101 SET CHARACTER_SET_RESULTS=@OLD_CHARACTER_SET_RESULTS */;
/*!40101 SET COLLATION_CONNECTION=@OLD_COLLATION_CONNECTION */;
